[2026. 4. 15. AM 7:05:00] 이미용 동기화 시작
MySQL 조회 중...
❌ 오류: connect ENETUNREACH 52.78.125.230:3306 - Local (0.0.0.0:59951)
[2026. 4. 17. AM 7:01:12] 이미용 동기화 시작
MySQL 조회 중...
❌ 오류: connect ENETUNREACH 52.78.125.230:3306 - Local (0.0.0.0:49389)
[2026. 4. 28. AM 7:00:00] 이미용 동기화 시작
MySQL 조회 중...
❌ 오류: connect ETIMEDOUT
[2026. 5. 21. AM 7:04:34] 이미용 동기화 시작
MySQL 조회 중...
❌ 오류: connect ENETUNREACH 52.78.125.230:3306 - Local (0.0.0.0:53641)
[2026. 5. 22. AM 7:00:02] 이미용 동기화 시작
MySQL 조회 중...
❌ 오류: Unknown column '제품카테고리ID' in 'field list'
[2026. 5. 23. AM 7:00:00] 이미용 동기화 시작
MySQL 조회 중...
❌ 오류: connect ETIMEDOUT
[2026. 5. 24. AM 7:00:01] 이미용 동기화 시작
MySQL 조회 중...
❌ 오류: connect ETIMEDOUT
[2026. 5. 25. AM 7:00:00] 이미용 동기화 시작
MySQL 조회 중...
❌ 오류: connect ETIMEDOUT
[2026. 5. 30. AM 7:03:05] 이미용 동기화 시작
MySQL 조회 중...
❌ 오류: connect ETIMEDOUT
[2026. 6. 2. AM 7:00:08] 이미용 동기화 시작
MySQL 조회 중...
❌ 오류: connect ENETUNREACH 52.78.125.230:3306 - Local (0.0.0.0:49772)
[2026. 6. 12. AM 7:00:01] 이미용 동기화 시작
MySQL 조회 중...
❌ 오류: connect ETIMEDOUT
[2026. 7. 6. AM 7:06:28] 광고/프로모션 동기화 시작
광고 캠페인 데이터 조회 중...
오류: connect ENETUNREACH 52.78.125.230:3306 - Local (0.0.0.0:53543)
리마인드 대상 없음
스마트스토어 동기화 실패: 토큰 실패: {"code":"GW.IP_NOT_ALLOWED","message":"호출이 허용되지 않은 IP입니다.","timestamp":"2026-07-08T08:30:36.495+09:00","traceId":"AZ74OlBycWGCw866XLtvAA^1782281031200^93747641"}
발송 완료 (썸네일 5장):
📋 7/9(목) 아침 브리핑

🎨 소재 검토 6건 (평균 CTR 1.49%)
1. 소닉플로우_삼남매엄마들사이에소문난
   ㄴ 7일 48만원 · CTR 0.51%
   ㄴ 재제작: oa-dashboard2.vercel.app/?recreate=%EC%86%8C%EB%8B%89%ED%94%8C%EB%A1%9C%EC%9A%B0_%EC%82%BC%EB%82%A8%EB%A7%A4%EC%97%84%EB%A7%88%EB%93%A4%EC%82%AC%EC%9D%B4%EC%97%90%EC%86%8C%EB%AC%B8%EB%82%9C
2. 드라이기모음전_여름드라이기바꿀때됐다
   ㄴ 7일 44만원 · CTR 0.51%
   ㄴ 재제작: oa-dashboard2.vercel.app/?recreate=%EB%93%9C%EB%9D%BC%EC%9D%B4%EA%B8%B0%EB%AA%A8%EC%9D%8C%EC%A0%84_%EC%97%AC%EB%A6%84%EB%93%9C%EB%9D%BC%EC%9D%B4%EA%B8%B0%EB%B0%94%EA%BF%80%EB%95%8C%EB%90%90%EB%8B%A4
3. 소닉플로우_디지털여름광명
   ㄴ 7일 29만원 · CTR 0.68%
   ㄴ 재제작: oa-dashboard2.vercel.app/?recreate=%EC%86%8C%EB%8B%89%ED%94%8C%EB%A1%9C%EC%9A%B0_%EB%94%94%EC%A7%80%ED%84%B8%EC%97%AC%EB%A6%84%EA%B4%91%EB%AA%85
4. 드라이기모음전_초경량플라즈마
   ㄴ 7일 22만원 · CTR 0.63%
   ㄴ 재제작: oa-dashboard2.vercel.app/?recreate=%EB%93%9C%EB%9D%BC%EC%9D%B4%EA%B8%B0%EB%AA%A8%EC%9D%8C%EC%A0%84_%EC%B4%88%EA%B2%BD%EB%9F%89%ED%94%8C%EB%9D%BC%EC%A6%88%EB%A7%88
5. 소닉플로우_이민정 소구 8
   ㄴ 7일 15만원 · CTR 0.52%
   ㄴ 재제작: oa-dashboard2.vercel.app/?recreate=%EC%86%8C%EB%8B%89%ED%94%8C%EB%A1%9C%EC%9A%B0_%EC%9D%B4%EB%AF%BC%EC%A0%95%20%EC%86%8C%EA%B5%AC%208

⚠️ 확인: 이미용 매출데이터 누락

👉 oa-dashboard2.vercel.app
리마인드 대상 없음
[2026. 7. 12. AM 9:00:10] 광고/프로모션 동기화 시작
광고 캠페인 데이터 조회 중...
오류: connect ETIMEDOUT
[2026. 7. 13. AM 9:00:52] 광고/프로모션 동기화 시작
광고 캠페인 데이터 조회 중...
오류: connect ETIMEDOUT 52.78.125.230:3306
스마트스토어 동기화 실패: fetch failed
발송 완료 (썸네일 5장):
📋 7/14(화) 아침 브리핑

🎨 소재 검토 6건 (평균 CTR 1.71%)
1. 드라이기모음전_여름드라이기바꿀때됐다
   ㄴ 7일 45만원 · CTR 0.57%
   ㄴ 재제작: oa-dashboard2.vercel.app/?recreate=%EB%93%9C%EB%9D%BC%EC%9D%B4%EA%B8%B0%EB%AA%A8%EC%9D%8C%EC%A0%84_%EC%97%AC%EB%A6%84%EB%93%9C%EB%9D%BC%EC%9D%B4%EA%B8%B0%EB%B0%94%EA%BF%80%EB%95%8C%EB%90%90%EB%8B%A4
2. 드라이기모음전_초경량플라즈마
   ㄴ 7일 33만원 · CTR 0.62%
   ㄴ 재제작: oa-dashboard2.vercel.app/?recreate=%EB%93%9C%EB%9D%BC%EC%9D%B4%EA%B8%B0%EB%AA%A8%EC%9D%8C%EC%A0%84_%EC%B4%88%EA%B2%BD%EB%9F%89%ED%94%8C%EB%9D%BC%EC%A6%88%EB%A7%88
3. 소닉플로우_삼남매엄마들사이에소문난
   ㄴ 7일 26만원 · CTR 0.58%
   ㄴ 재제작: oa-dashboard2.vercel.app/?recreate=%EC%86%8C%EB%8B%89%ED%94%8C%EB%A1%9C%EC%9A%B0_%EC%82%BC%EB%82%A8%EB%A7%A4%EC%97%84%EB%A7%88%EB%93%A4%EC%82%AC%EC%9D%B4%EC%97%90%EC%86%8C%EB%AC%B8%EB%82%9C
4. 소닉플로우_디지털여름광명
   ㄴ 7일 18만원 · CTR 0.67%
   ㄴ 재제작: oa-dashboard2.vercel.app/?recreate=%EC%86%8C%EB%8B%89%ED%94%8C%EB%A1%9C%EC%9A%B0_%EB%94%94%EC%A7%80%ED%84%B8%EC%97%AC%EB%A6%84%EA%B4%91%EB%AA%85
5. 소닉플로우_이민정 소구 1
   ㄴ 7일 11만원 · CTR 0.37%
   ㄴ 재제작: oa-dashboard2.vercel.app/?recreate=%EC%86%8C%EB%8B%89%ED%94%8C%EB%A1%9C%EC%9A%B0_%EC%9D%B4%EB%AF%BC%EC%A0%95%20%EC%86%8C%EA%B5%AC%201

🎯 오늘의 가설 6건
1. 오아에어리라이트-화이트-리테일
   ㄴ 원인분석 · 담당 미지정❗
2. 오아에어리소닉드라이기-베이지
   ㄴ 원인분석 · 담당 미지정❗
3. 오아프리온무선고데기-핑크
   ㄴ 원인분석 · 담당 미지정❗
4. 오아소닉플로우-베이지
   ㄴ 마케팅액션 · 담당 미지정❗
5. 오아오토고데기40mm-퍼플
   ㄴ 마케팅액션 · 담당 미지정❗
6. 오아에어리소닉드라이기-핑크
   ㄴ 마케팅액션 · 담당 미지정❗

⚠️ 확인: 이미용 매출데이터 누락

👉 oa-dashboard2.vercel.app
발송: 미지정 6건
[2026. 7. 15. AM 9:04:12] 광고/프로모션 동기화 시작
광고 캠페인 데이터 조회 중...
오류: connect ENETUNREACH 52.78.125.230:3306 - Local (0.0.0.0:62438)
[2026. 7. 15. AM 9:05:03] 랭킹 실판매 동기화 시작
❌ 오류: connect ENETUNREACH 52.78.125.230:3306 - Local (0.0.0.0:62759)
쿠팡 파일 없음
지그재그 파일 없음
경고: 쿠팡: 파일 없음; 지그재그: 파일 없음
업서트 대상: 0행 (2026-06-11 ~ 2026-07-16)
node:fs:440
    return binding.readFileUtf8(path, stringToFlags(options.flag));
                   ^

Error: ENOENT: no such file or directory, open '"/Users/kirby/.naverworks/private.key"'
    at readFileSync (node:fs:440:20)
    at file:///Users/kirby/oa-dashboard2/scripts/nworks-auth.mjs:18:13
    at ModuleJob.run (node:internal/modules/esm/module_job:430:25)
    at async onImport.tracePromise.__proto__ (node:internal/modules/esm/loader:661:26)
    at async asyncRunEntryPointWithESMLoader (node:internal/modules/run_main:101:5) {
  errno: -2,
  code: 'ENOENT',
  syscall: 'open',
  path: '"/Users/kirby/.naverworks/private.key"'
}

Node.js v24.14.0
쿠팡 파일 없음
지그재그 파일 없음
경고: 쿠팡: 파일 없음; 지그재그: 파일 없음
업서트 대상: 0행 (2026-06-13 ~ 2026-07-18)
[2026. 7. 19. AM 9:12:19] 랭킹 실판매 동기화 시작
❌ 오류: connect ETIMEDOUT
[2026. 7. 27. AM 9:10:01] 전제품 검색순위 동기화 시작
❌ 오류: Access denied for user 'user_for_ai_sm'@'106.247.253.117' (using password: YES)
node:fs:440
    return binding.readFileUtf8(path, stringToFlags(options.flag));
                   ^

Error: ENOENT: no such file or directory, open '"/Users/kirby/.naverworks/private.key"'
    at readFileSync (node:fs:440:20)
    at file:///Users/kirby/oa-dashboard2/scripts/nworks-auth.mjs:18:13
    at ModuleJob.run (node:internal/modules/esm/module_job:430:25)
    at async onImport.tracePromise.__proto__ (node:internal/modules/esm/loader:661:26)
    at async asyncRunEntryPointWithESMLoader (node:internal/modules/run_main:101:5) {
  errno: -2,
  code: 'ENOENT',
  syscall: 'open',
  path: '"/Users/kirby/.naverworks/private.key"'
}

Node.js v24.14.0
[2026. 7. 28. AM 9:15:39] 전제품 검색순위 동기화 시작
[2026. 7. 28. AM 9:15:39] 우선순위 동기화 시작

  조회 중... 3258행 (D-90~)
  조회 중... 6214행 (D-83~)
  조회 중... 9561행 (D-76~)
  조회 중... 12876행 (D-69~)
  조회 중... 15696행 (D-62~)
  매출 조회 중... 7586행 (D-180~)
  조회 중... 19006행 (D-55~)
  조회 중... 22444행 (D-48~)
  조회 중... 25849행 (D-41~)
  매출 조회 중... 15277행 (D-150~)
  조회 중... 29192행 (D-34~)
  조회 중... 32593행 (D-27~)
  조회 중... 35949행 (D-20~)
  조회 중... 39315행 (D-13~)
  매출 조회 중... 23111행 (D-120~)
  조회 중... 42776행 (D-6~)
  → 키워드 529개 · 42776행 (90일)

  조회 중... 200행
  조회 중... 400행
  조회 중... 600행
  조회 중... 800행
  조회 중... 1000행
  조회 중... 1200행
  조회 중... 1400행
  조회 중... 1600행
  조회 중... 1800행
  조회 중... 2000행
  조회 중... 2200행
  조회 중... 2400행
  조회 중... 2600행
  조회 중... 2800행
  조회 중... 3000행
  조회 중... 3200행
  조회 중... 3400행
  조회 중... 3600행
  조회 중... 3800행
  조회 중... 4000행
  조회 중... 4200행
  조회 중... 4400행
  조회 중... 4600행
  조회 중... 4800행
  조회 중... 5000행
  조회 중... 5200행
  조회 중... 5400행
  조회 중... 5600행
  조회 중... 5800행
  조회 중... 6000행
  조회 중... 6200행
  조회 중... 6400행
  조회 중... 6600행
  조회 중... 6800행
  조회 중... 7000행
  조회 중... 7200행
  조회 중... 7400행
  조회 중... 7600행
  조회 중... 7800행
  조회 중... 8000행
  조회 중... 8191행
  → payload 781KB
✅ 동기화 완료

  매출 조회 중... 31064행 (D-90~)
  매출 조회 중... 38786행 (D-60~)
  매출 조회 중... 46863행 (D-30~)
  → 품목 381개 · 일별 46863행 (180일)

  조회 중... 200행
  조회 중... 316행
  → 작년 동기 데이터 316개 품목

  네이버 광고 조회 중... 0행 (D-180~)
  네이버 광고 조회 중... 0행 (D-150~)
  네이버 광고 조회 중... 0행 (D-120~)
  네이버 광고 조회 중... 0행 (D-90~)
  네이버 광고 조회 중... 21528행 (D-60~)
  네이버 광고 조회 중... 40256행 (D-30~)
  → 네이버 광고그룹 819개 중 490개 제품 매칭

  조회 중... 15행
  → payload 1485KB
✅ 동기화 완료
쿠팡 파일 없음
지그재그 파일 없음
경고: 쿠팡: 파일 없음; 지그재그: 파일 없음
업서트 대상: 0행 (2026-06-24 ~ 2026-07-29)
[2026. 7. 29. AM 9:05:00] 랭킹 실판매 동기화 시작

  조회 중... 10행
  → 10행 조회
✅ 동기화 완료
[2026. 7. 29. AM 9:10:01] 전제품 검색순위 동기화 시작

  조회 중... 3250행 (D-90~)
  조회 중... 6210행 (D-83~)
  조회 중... 9547행 (D-76~)
  조회 중... 12760행 (D-69~)
  조회 중... 15697행 (D-62~)[2026. 7. 29. AM 9:15:00] 우선순위 동기화 시작

  조회 중... 19016행 (D-55~)
  조회 중... 22450행 (D-48~)
  조회 중... 25781행 (D-41~)
  매출 조회 중... 7589행 (D-180~)
  조회 중... 29187행 (D-34~)node:fs:440
    return binding.readFileUtf8(path, stringToFlags(options.flag));
                   ^

Error: ENOENT: no such file or directory, open '"/Users/kirby/.naverworks/private.key"'
    at readFileSync (node:fs:440:20)
    at file:///Users/kirby/oa-dashboard2/scripts/nworks-auth.mjs:18:13
    at ModuleJob.run (node:internal/modules/esm/module_job:430:25)
    at async onImport.tracePromise.__proto__ (node:internal/modules/esm/loader:661:26)
    at async asyncRunEntryPointWithESMLoader (node:internal/modules/run_main:101:5) {
  errno: -2,
  code: 'ENOENT',
  syscall: 'open',
  path: '"/Users/kirby/.naverworks/private.key"'
}

Node.js v24.14.0

  조회 중... 32596행 (D-27~)
  조회 중... 35875행 (D-20~)
  조회 중... 39323행 (D-13~)
  매출 조회 중... 15305행 (D-150~)
  조회 중... 42782행 (D-6~)
  → 키워드 529개 · 42782행 (90일)

  조회 중... 200행
  조회 중... 400행
  조회 중... 600행
  조회 중... 800행
  조회 중... 1000행
  조회 중... 1200행
  조회 중... 1400행
  조회 중... 1600행
  조회 중... 1800행
  조회 중... 2000행
  조회 중... 2200행
  조회 중... 2400행
  조회 중... 2600행
  조회 중... 2800행
  조회 중... 3000행
  조회 중... 3200행
  조회 중... 3400행
  조회 중... 3600행
  조회 중... 3800행
  조회 중... 4000행
  조회 중... 4200행
  조회 중... 4400행
  조회 중... 4600행
  조회 중... 4800행
  조회 중... 5000행
  조회 중... 5200행
  조회 중... 5400행
  조회 중... 5600행
  조회 중... 5800행
  조회 중... 6000행
  조회 중... 6200행
  조회 중... 6400행
  조회 중... 6600행
  조회 중... 6800행
  조회 중... 7000행
  조회 중... 7200행
  조회 중... 7400행
  조회 중... 7600행
  조회 중... 7800행
  조회 중... 8000행
  조회 중... 8200행
  조회 중... 8281행
  → payload 781KB
✅ 동기화 완료
스마트스토어 동기화 실패: 토큰 실패: {"code":"GW.IP_NOT_ALLOWED","message":"호출이 허용되지 않은 IP입니다.","timestamp":"2026-07-29T09:25:10.880+09:00","traceId":"AZ9AUKXBe0WpXaSluRjuog^1783490454179^135074093"}

  매출 조회 중... 23129행 (D-120~)
  매출 조회 중... 31075행 (D-90~)❌ 오류: fetch failed
node:fs:440
    return binding.readFileUtf8(path, stringToFlags(options.flag));
                   ^

Error: ENOENT: no such file or directory, open '"/Users/kirby/.naverworks/private.key"'
    at readFileSync (node:fs:440:20)
    at file:///Users/kirby/oa-dashboard2/scripts/nworks-auth.mjs:18:13
    at ModuleJob.run (node:internal/modules/esm/module_job:430:25)
    at async onImport.tracePromise.__proto__ (node:internal/modules/esm/loader:661:26)
    at async asyncRunEntryPointWithESMLoader (node:internal/modules/run_main:101:5) {
  errno: -2,
  code: 'ENOENT',
  syscall: 'open',
  path: '"/Users/kirby/.naverworks/private.key"'
}

Node.js v24.14.0
쿠팡 파일 없음
지그재그 파일 없음
경고: 쿠팡: 파일 없음; 지그재그: 파일 없음
텔레그램 알림 실패: <urlopen error [Errno 8] nodename nor servname provided, or not known>
업서트 대상: 0행 (2026-06-26 ~ 2026-07-31)
[2026. 7. 31. AM 9:05:00] 랭킹 실판매 동기화 시작
❌ 오류: fetch failed
[2026. 7. 31. AM 9:10:00] 전제품 검색순위 동기화 시작
❌ 오류: fetch failed
[2026. 7. 31. AM 9:15:00] 우선순위 동기화 시작
❌ 오류: fetch failed
node:fs:440
    return binding.readFileUtf8(path, stringToFlags(options.flag));
                   ^

Error: ENOENT: no such file or directory, open '"/Users/kirby/.naverworks/private.key"'
    at readFileSync (node:fs:440:20)
    at file:///Users/kirby/oa-dashboard2/scripts/nworks-auth.mjs:18:13
    at ModuleJob.run (node:internal/modules/esm/module_job:430:25)
    at async onImport.tracePromise.__proto__ (node:internal/modules/esm/loader:661:26)
    at async asyncRunEntryPointWithESMLoader (node:internal/modules/run_main:101:5) {
  errno: -2,
  code: 'ENOENT',
  syscall: 'open',
  path: '"/Users/kirby/.naverworks/private.key"'
}

Node.js v24.14.0
스마트스토어 동기화 실패: fetch failed
node:fs:440
    return binding.readFileUtf8(path, stringToFlags(options.flag));
                   ^

Error: ENOENT: no such file or directory, open '"/Users/kirby/.naverworks/private.key"'
    at readFileSync (node:fs:440:20)
    at file:///Users/kirby/oa-dashboard2/scripts/nworks-auth.mjs:18:13
    at ModuleJob.run (node:internal/modules/esm/module_job:430:25)
    at async onImport.tracePromise.__proto__ (node:internal/modules/esm/loader:661:26)
    at async asyncRunEntryPointWithESMLoader (node:internal/modules/run_main:101:5) {
  errno: -2,
  code: 'ENOENT',
  syscall: 'open',
  path: '"/Users/kirby/.naverworks/private.key"'
}

Node.js v24.14.0
[2026. 8. 1. AM 9:05:00] 랭킹 실판매 동기화 시작

  조회 중... 10행
  → 10행 조회
✅ 동기화 완료
[2026. 8. 1. AM 9:15:29] 전제품 검색순위 동기화 시작
[2026. 8. 1. AM 9:15:29] 우선순위 동기화 시작

  조회 중... 2961행 (D-90~)
  조회 중... 6312행 (D-83~)
  조회 중... 9623행 (D-76~)
  조회 중... 12881행 (D-69~)
  조회 중... 15713행 (D-62~)
  매출 조회 중... 7627행 (D-180~)
  조회 중... 19150행 (D-55~)
  조회 중... 22568행 (D-48~)
  조회 중... 25925행 (D-41~)
  매출 조회 중... 15351행 (D-150~)
  조회 중... 29311행 (D-34~)
  조회 중... 32660행 (D-27~)
  조회 중... 36021행 (D-20~)
  조회 중... 39475행 (D-13~)
  매출 조회 중... 23158행 (D-120~)
  조회 중... 42434행 (D-6~)
  → 키워드 529개 · 42434행 (90일)

  조회 중... 200행
  조회 중... 400행
  조회 중... 600행
  조회 중... 800행
  조회 중... 1000행
  조회 중... 1200행
  조회 중... 1400행
  조회 중... 1600행
  조회 중... 1800행
  조회 중... 2000행
  조회 중... 2200행
  조회 중... 2400행
  조회 중... 2600행
  조회 중... 2800행
  조회 중... 3000행
  조회 중... 3200행
  조회 중... 3400행
  조회 중... 3600행
  조회 중... 3800행
  조회 중... 4000행
  조회 중... 4200행
  조회 중... 4400행
  조회 중... 4600행
  조회 중... 4800행
  조회 중... 5000행
  조회 중... 5200행
  조회 중... 5400행
  조회 중... 5587행
  → payload 775KB
✅ 동기화 완료

  매출 조회 중... 31101행 (D-90~)
  매출 조회 중... 38847행 (D-60~)
  매출 조회 중... 46804행 (D-30~)
  → 품목 382개 · 일별 46804행 (180일)

  조회 중... 200행
  조회 중... 319행
  → 작년 동기 데이터 319개 품목

  네이버 광고 조회 중... 0행 (D-180~)
  네이버 광고 조회 중... 0행 (D-150~)
  네이버 광고 조회 중... 0행 (D-120~)
  네이버 광고 조회 중... 1322행 (D-90~)
  네이버 광고 조회 중... 24643행 (D-60~)
  네이버 광고 조회 중... 40256행 (D-30~)
  → 네이버 광고그룹 819개 중 490개 제품 매칭

  조회 중... 7행
  → payload 1484KB
✅ 동기화 완료
node:fs:440
    return binding.readFileUtf8(path, stringToFlags(options.flag));
                   ^

Error: ENOENT: no such file or directory, open '"/Users/kirby/.naverworks/private.key"'
    at readFileSync (node:fs:440:20)
    at file:///Users/kirby/oa-dashboard2/scripts/nworks-auth.mjs:18:13
    at ModuleJob.run (node:internal/modules/esm/module_job:430:25)
    at async onImport.tracePromise.__proto__ (node:internal/modules/esm/loader:661:26)
    at async asyncRunEntryPointWithESMLoader (node:internal/modules/run_main:101:5) {
  errno: -2,
  code: 'ENOENT',
  syscall: 'open',
  path: '"/Users/kirby/.naverworks/private.key"'
}

Node.js v24.14.0
[2026. 8. 2. AM 9:10:00] 전제품 검색순위 동기화 시작

  조회 중... 2956행 (D-90~)
  조회 중... 6304행 (D-83~)
  조회 중... 9618행 (D-76~)
  조회 중... 12885행 (D-69~)
  조회 중... 15718행 (D-62~)
  조회 중... 19158행 (D-55~)
  조회 중... 22577행 (D-48~)
  조회 중... 25926행 (D-41~)
  조회 중... 29316행 (D-34~)
  조회 중... 32664행 (D-27~)
  조회 중... 36027행 (D-20~)
  조회 중... 39484행 (D-13~)
  조회 중... 41952행 (D-6~)
  → 키워드 529개 · 41952행 (90일)

  조회 중... 200행
  조회 중... 400행
  조회 중... 600행
  조회 중... 800행
  조회 중... 1000행
  조회 중... 1200행
  조회 중... 1400행
  조회 중... 1600행
  조회 중... 1800행
  조회 중... 2000행
  조회 중... 2200행
  조회 중... 2400행
  조회 중... 2600행
  조회 중... 2800행
  조회 중... 2800행
  → payload 766KB
✅ 동기화 완료
[2026. 8. 3. AM 7:00:00] 이미용 동기화 시작 (MCP 경유, 최근 30일)
MySQL(MCP) 조회 중...

  조회 중... 200건
  조회 중... 400건
  조회 중... 600건
  조회 중... 800건
  조회 중... 1000건
  조회 중... 1200건
  조회 중... 1400건
  조회 중... 1600건
  조회 중... 1800건
  조회 중... 2000건
  조회 중... 2200건
  조회 중... 2400건
  조회 중... 2600건
  조회 중... 2800건
  조회 중... 3000건
  조회 중... 3200건
  조회 중... 3400건
  조회 중... 3600건
  조회 중... 3800건
  조회 중... 4000건
  조회 중... 4200건
  조회 중... 4400건
  조회 중... 4600건
  조회 중... 4800건
  조회 중... 5000건
  조회 중... 5200건
  조회 중... 5400건
  조회 중... 5600건
  조회 중... 5800건
  조회 중... 6000건
  조회 중... 6200건
  조회 중... 6400건
  조회 중... 6600건
  조회 중... 6800건
  조회 중... 7000건
  조회 중... 7200건
  조회 중... 7400건
  조회 중... 7600건
  조회 중... 7800건
  조회 중... 8000건
  조회 중... 8200건
  조회 중... 8400건
  조회 중... 8600건
  조회 중... 8800건
  조회 중... 9000건
  조회 중... 9200건
  조회 중... 9400건
  조회 중... 9600건
  조회 중... 9800건
  조회 중... 10000건
  조회 중... 10200건
  조회 중... 10400건
  조회 중... 10600건
  조회 중... 10800건
  조회 중... 11000건
  조회 중... 11200건
  조회 중... 11400건
  조회 중... 11600건
  조회 중... 11800건
  조회 중... 12000건
  조회 중... 12200건
  조회 중... 12400건
  조회 중... 12600건
  조회 중... 12800건
  조회 중... 13000건
  조회 중... 13200건
  조회 중... 13400건
  조회 중... 13600건
  조회 중... 13800건
  조회 중... 14000건
  조회 중... 14200건
  조회 중... 14400건
  조회 중... 14600건
  조회 중... 14800건
  조회 중... 15000건
  조회 중... 15200건
  조회 중... 15400건
  조회 중... 15600건
  조회 중... 15800건
  조회 중... 15952건
  → 15952건 조회됨
Supabase 업로드 중...
  ↑ 500/15952건 완료
  ↑ 1000/15952건 완료
  ↑ 1500/15952건 완료
  ↑ 2000/15952건 완료
  ↑ 2500/15952건 완료
  ↑ 3000/15952건 완료
  ↑ 3500/15952건 완료
  ↑ 4000/15952건 완료
  ↑ 4500/15952건 완료
  ↑ 5000/15952건 완료
  ↑ 5500/15952건 완료
  ↑ 6000/15952건 완료
  ↑ 6500/15952건 완료
  ↑ 7000/15952건 완료
  ↑ 7500/15952건 완료
  ↑ 8000/15952건 완료
  ↑ 8500/15952건 완료
  ↑ 9000/15952건 완료
  ↑ 9500/15952건 완료
  ↑ 10000/15952건 완료
  ↑ 10500/15952건 완료
  ↑ 11000/15952건 완료
❌ 오류: Supabase upsert 실패: {"code":"21000","details":null,"hint":"Ensure that no rows proposed for insertion within the same command have duplicate constrained values.","message":"ON CONFLICT DO UPDATE command cannot affect row a second time"}
node:fs:440
    return binding.readFileUtf8(path, stringToFlags(options.flag));
                   ^

Error: ENOENT: no such file or directory, open '"/Users/kirby/.naverworks/private.key"'
    at readFileSync (node:fs:440:20)
    at file:///Users/kirby/oa-dashboard2/scripts/nworks-auth.mjs:18:13
    at ModuleJob.run (node:internal/modules/esm/module_job:430:25)
    at async onImport.tracePromise.__proto__ (node:internal/modules/esm/loader:661:26)
    at async asyncRunEntryPointWithESMLoader (node:internal/modules/run_main:101:5) {
  errno: -2,
  code: 'ENOENT',
  syscall: 'open',
  path: '"/Users/kirby/.naverworks/private.key"'
}

Node.js v24.14.0
node:fs:440
    return binding.readFileUtf8(path, stringToFlags(options.flag));
                   ^

Error: ENOENT: no such file or directory, open '"/Users/kirby/.naverworks/private.key"'
    at readFileSync (node:fs:440:20)
    at file:///Users/kirby/oa-dashboard2/scripts/nworks-auth.mjs:18:13
    at ModuleJob.run (node:internal/modules/esm/module_job:430:25)
    at async onImport.tracePromise.__proto__ (node:internal/modules/esm/loader:661:26)
    at async asyncRunEntryPointWithESMLoader (node:internal/modules/run_main:101:5) {
  errno: -2,
  code: 'ENOENT',
  syscall: 'open',
  path: '"/Users/kirby/.naverworks/private.key"'
}

Node.js v24.14.0
node:fs:440
    return binding.readFileUtf8(path, stringToFlags(options.flag));
                   ^

Error: ENOENT: no such file or directory, open '"/Users/kirby/.naverworks/private.key"'
    at readFileSync (node:fs:440:20)
    at file:///Users/kirby/oa-dashboard2/scripts/nworks-auth.mjs:18:13
    at ModuleJob.run (node:internal/modules/esm/module_job:430:25)
    at async onImport.tracePromise.__proto__ (node:internal/modules/esm/loader:661:26)
    at async asyncRunEntryPointWithESMLoader (node:internal/modules/run_main:101:5) {
  errno: -2,
  code: 'ENOENT',
  syscall: 'open',
  path: '"/Users/kirby/.naverworks/private.key"'
}

Node.js v24.14.0
node:fs:440
    return binding.readFileUtf8(path, stringToFlags(options.flag));
                   ^

Error: ENOENT: no such file or directory, open '"/Users/kirby/.naverworks/private.key"'
    at readFileSync (node:fs:440:20)
    at file:///Users/kirby/oa-dashboard2/scripts/nworks-auth.mjs:18:13
    at ModuleJob.run (node:internal/modules/esm/module_job:430:25)
    at async onImport.tracePromise.__proto__ (node:internal/modules/esm/loader:661:26)
    at async asyncRunEntryPointWithESMLoader (node:internal/modules/run_main:101:5) {
  errno: -2,
  code: 'ENOENT',
  syscall: 'open',
  path: '"/Users/kirby/.naverworks/private.key"'
}

Node.js v24.14.0
[2026. 8. 10. AM 9:19:47] 우선순위 동기화 시작
node:fs:440
    return binding.readFileUtf8(path, stringToFlags(options.flag));
                   ^

Error: ENOENT: no such file or directory, open '"/Users/kirby/.naverworks/private.key"'
    at readFileSync (node:fs:440:20)
    at file:///Users/kirby/oa-dashboard2/scripts/nworks-auth.mjs:18:13
    at ModuleJob.run (node:internal/modules/esm/module_job:430:25)
    at async onImport.tracePromise.__proto__ (node:internal/modules/esm/loader:661:26)
    at async asyncRunEntryPointWithESMLoader (node:internal/modules/run_main:101:5) {
  errno: -2,
  code: 'ENOENT',
  syscall: 'open',
  path: '"/Users/kirby/.naverworks/private.key"'
}

Node.js v24.14.0

  매출 조회 중... 7652행 (D-180~)스마트스토어 동기화 실패: 토큰 실패: {"code":"GW.IP_NOT_ALLOWED","message":"호출이 허용되지 않은 IP입니다.","timestamp":"2026-08-10T09:25:05.427+09:00","traceId":"AZ_RHT_sfiOPVLwShhvVrA^1785919782151^29765996"}

  매출 조회 중... 15312행 (D-150~)
  매출 조회 중... 23256행 (D-120~)
  매출 조회 중... 31126행 (D-90~)
  매출 조회 중... 38895행 (D-60~)
  매출 조회 중... 46844행 (D-30~)
  → 품목 383개 · 일별 46844행 (180일)

  조회 중... 200행
  조회 중... 320행
  → 작년 동기 데이터 320개 품목

  네이버 광고 조회 중... 0행 (D-180~)
  네이버 광고 조회 중... 0행 (D-150~)
  네이버 광고 조회 중... 0행 (D-120~)
  네이버 광고 조회 중... 8316행 (D-90~)
  네이버 광고 조회 중... 31657행 (D-60~)
  네이버 광고 조회 중... 40256행 (D-30~)
  → 네이버 광고그룹 819개 중 490개 제품 매칭

  조회 중... 7행
  → payload 1485KB
✅ 동기화 완료
node:fs:440
    return binding.readFileUtf8(path, stringToFlags(options.flag));
                   ^

Error: ENOENT: no such file or directory, open '"/Users/kirby/.naverworks/private.key"'
    at readFileSync (node:fs:440:20)
    at file:///Users/kirby/oa-dashboard2/scripts/nworks-auth.mjs:18:13
    at ModuleJob.run (node:internal/modules/esm/module_job:430:25)
    at async onImport.tracePromise.__proto__ (node:internal/modules/esm/loader:661:26)
    at async asyncRunEntryPointWithESMLoader (node:internal/modules/run_main:101:5) {
  errno: -2,
  code: 'ENOENT',
  syscall: 'open',
  path: '"/Users/kirby/.naverworks/private.key"'
}

Node.js v24.14.0
[2026. 8. 11. AM 7:01:34] 이미용 동기화 시작 (MCP 경유, 최근 30일)
MySQL(MCP) 조회 중...
❌ 오류: fetch failed
[2026. 8. 11. AM 9:05:00] 랭킹 실판매 동기화 시작

  조회 중... 10행
  → 10행 조회
✅ 동기화 완료
node:fs:440
    return binding.readFileUtf8(path, stringToFlags(options.flag));
                   ^

Error: ENOENT: no such file or directory, open '"/Users/kirby/.naverworks/private.key"'
    at readFileSync (node:fs:440:20)
    at file:///Users/kirby/oa-dashboard2/scripts/nworks-auth.mjs:18:13
    at ModuleJob.run (node:internal/modules/esm/module_job:430:25)
    at async onImport.tracePromise.__proto__ (node:internal/modules/esm/loader:661:26)
    at async asyncRunEntryPointWithESMLoader (node:internal/modules/run_main:101:5) {
  errno: -2,
  code: 'ENOENT',
  syscall: 'open',
  path: '"/Users/kirby/.naverworks/private.key"'
}

Node.js v24.14.0
[2026. 8. 12. AM 9:15:00] 우선순위 동기화 시작

  매출 조회 중... 7627행 (D-180~)
  매출 조회 중... 15299행 (D-150~)
  매출 조회 중... 23280행 (D-120~)
  매출 조회 중... 31123행 (D-90~)
  매출 조회 중... 38870행 (D-60~)
  매출 조회 중... 46956행 (D-30~)
  → 품목 383개 · 일별 46956행 (180일)

  조회 중... 200행
  조회 중... 319행
  → 작년 동기 데이터 319개 품목

  네이버 광고 조회 중... 0행 (D-180~)
  네이버 광고 조회 중... 0행 (D-150~)
  네이버 광고 조회 중... 0행 (D-120~)
  네이버 광고 조회 중... 9873행 (D-90~)
  네이버 광고 조회 중... 33214행 (D-60~)
  네이버 광고 조회 중... 40256행 (D-30~)
  → 네이버 광고그룹 819개 중 490개 제품 매칭

  조회 중... 14행
  → payload 1488KB
✅ 동기화 완료
node:fs:440
    return binding.readFileUtf8(path, stringToFlags(options.flag));
                   ^

Error: ENOENT: no such file or directory, open '"/Users/kirby/.naverworks/private.key"'
    at readFileSync (node:fs:440:20)
    at file:///Users/kirby/oa-dashboard2/scripts/nworks-auth.mjs:18:13
    at ModuleJob.run (node:internal/modules/esm/module_job:430:25)
    at async onImport.tracePromise.__proto__ (node:internal/modules/esm/loader:661:26)
    at async asyncRunEntryPointWithESMLoader (node:internal/modules/run_main:101:5) {
  errno: -2,
  code: 'ENOENT',
  syscall: 'open',
  path: '"/Users/kirby/.naverworks/private.key"'
}

Node.js v24.14.0
쿠팡 파일 없음
지그재그 파일 없음
경고: 쿠팡: 파일 없음; 지그재그: 파일 없음
텔레그램 알림 실패: <urlopen error [Errno 8] nodename nor servname provided, or not known>
업서트 대상: 0행 (2026-07-09 ~ 2026-08-13)
[2026. 8. 13. AM 9:05:00] 랭킹 실판매 동기화 시작
❌ 오류: fetch failed
[2026. 8. 13. AM 9:10:00] 전제품 검색순위 동기화 시작

  조회 중... 3331행 (D-90~)
  조회 중... 6559행 (D-83~)
  조회 중... 9382행 (D-76~)
  조회 중... 12821행 (D-69~)[2026. 8. 13. AM 9:15:00] 우선순위 동기화 시작

  조회 중... 16245행 (D-62~)
  조회 중... 19584행 (D-55~)
  조회 중... 22990행 (D-48~)node:fs:440
    return binding.readFileUtf8(path, stringToFlags(options.flag));
                   ^

Error: ENOENT: no such file or directory, open '"/Users/kirby/.naverworks/private.key"'
    at readFileSync (node:fs:440:20)
    at file:///Users/kirby/oa-dashboard2/scripts/nworks-auth.mjs:18:13
    at ModuleJob.run (node:internal/modules/esm/module_job:430:25)
    at async onImport.tracePromise.__proto__ (node:internal/modules/esm/loader:661:26)
    at async asyncRunEntryPointWithESMLoader (node:internal/modules/run_main:101:5) {
  errno: -2,
  code: 'ENOENT',
  syscall: 'open',
  path: '"/Users/kirby/.naverworks/private.key"'
}

Node.js v24.14.0

  조회 중... 26391행 (D-41~)
  매출 조회 중... 7622행 (D-180~)
  조회 중... 29680행 (D-34~)스마트스토어 동기화 실패: 토큰 실패: {"code":"GW.IP_NOT_ALLOWED","message":"호출이 허용되지 않은 IP입니다.","timestamp":"2026-08-13T09:25:01.146+09:00","traceId":"AZ_RHT_sfiOPVLwShhvVrA^1785919782151^50444489"}

  조회 중... 33133행 (D-27~)
  조회 중... 36588행 (D-20~)
  조회 중... 37085행 (D-13~)
  조회 중... 37085행 (D-6~)
  → 키워드 529개 · 37085행 (90일)

  조회 중... 0행  → payload 659KB
✅ 동기화 완료

  매출 조회 중... 15311행 (D-150~)
  매출 조회 중... 23307행 (D-120~)
  매출 조회 중... 31110행 (D-90~)
  매출 조회 중... 38880행 (D-60~)
  매출 조회 중... 46911행 (D-30~)
  → 품목 382개 · 일별 46911행 (180일)

  조회 중... 200행
  조회 중... 320행
  → 작년 동기 데이터 320개 품목

  네이버 광고 조회 중... 0행 (D-180~)
  네이버 광고 조회 중... 0행 (D-150~)
  네이버 광고 조회 중... 0행 (D-120~)
  네이버 광고 조회 중... 10649행 (D-90~)
  네이버 광고 조회 중... 33993행 (D-60~)
  네이버 광고 조회 중... 40256행 (D-30~)
  → 네이버 광고그룹 819개 중 490개 제품 매칭

  조회 중... 14행
  → payload 1487KB
✅ 동기화 완료
node:fs:440
    return binding.readFileUtf8(path, stringToFlags(options.flag));
                   ^

Error: ENOENT: no such file or directory, open '"/Users/kirby/.naverworks/private.key"'
    at readFileSync (node:fs:440:20)
    at file:///Users/kirby/oa-dashboard2/scripts/nworks-auth.mjs:18:13
    at ModuleJob.run (node:internal/modules/esm/module_job:430:25)
    at async onImport.tracePromise.__proto__ (node:internal/modules/esm/loader:661:26)
    at async asyncRunEntryPointWithESMLoader (node:internal/modules/run_main:101:5) {
  errno: -2,
  code: 'ENOENT',
  syscall: 'open',
  path: '"/Users/kirby/.naverworks/private.key"'
}

Node.js v24.14.0
node:fs:440
    return binding.readFileUtf8(path, stringToFlags(options.flag));
                   ^

Error: ENOENT: no such file or directory, open '"/Users/kirby/.naverworks/private.key"'
    at readFileSync (node:fs:440:20)
    at file:///Users/kirby/oa-dashboard2/scripts/nworks-auth.mjs:18:13
    at ModuleJob.run (node:internal/modules/esm/module_job:430:25)
    at async onImport.tracePromise.__proto__ (node:internal/modules/esm/loader:661:26)
    at async asyncRunEntryPointWithESMLoader (node:internal/modules/run_main:101:5) {
  errno: -2,
  code: 'ENOENT',
  syscall: 'open',
  path: '"/Users/kirby/.naverworks/private.key"'
}

Node.js v24.14.0
node:fs:440
    return binding.readFileUtf8(path, stringToFlags(options.flag));
                   ^

Error: ENOENT: no such file or directory, open '"/Users/kirby/.naverworks/private.key"'
    at readFileSync (node:fs:440:20)
    at file:///Users/kirby/oa-dashboard2/scripts/nworks-auth.mjs:18:13
    at ModuleJob.run (node:internal/modules/esm/module_job:430:25)
    at async onImport.tracePromise.__proto__ (node:internal/modules/esm/loader:661:26)
    at async asyncRunEntryPointWithESMLoader (node:internal/modules/run_main:101:5) {
  errno: -2,
  code: 'ENOENT',
  syscall: 'open',
  path: '"/Users/kirby/.naverworks/private.key"'
}

Node.js v24.14.0
[2026. 8. 15. AM 7:00:01] 이미용 동기화 시작 (MCP 경유, 최근 30일)
MySQL(MCP) 조회 중...

  조회 중... 200건
  조회 중... 400건
  조회 중... 600건
  조회 중... 800건
  조회 중... 1000건
  조회 중... 1200건
  조회 중... 1400건
  조회 중... 1600건
  조회 중... 1800건
  조회 중... 2000건
  조회 중... 2200건
  조회 중... 2400건
  조회 중... 2600건
  조회 중... 2800건
  조회 중... 3000건
  조회 중... 3200건
  조회 중... 3400건
  조회 중... 3600건
  조회 중... 3800건
  조회 중... 4000건
  조회 중... 4200건
  조회 중... 4400건
  조회 중... 4600건
  조회 중... 4800건
  조회 중... 5000건
  조회 중... 5200건
  조회 중... 5400건
  조회 중... 5600건
  조회 중... 5800건
  조회 중... 6000건
  조회 중... 6200건
  조회 중... 6400건
  조회 중... 6600건
  조회 중... 6800건
  조회 중... 7000건
  조회 중... 7200건
  조회 중... 7400건
  조회 중... 7600건
  조회 중... 7800건
  조회 중... 8000건
  조회 중... 8200건
  조회 중... 8400건
  조회 중... 8600건
  조회 중... 8800건
  조회 중... 9000건
  조회 중... 9200건
  조회 중... 9400건
  조회 중... 9600건
  조회 중... 9800건
  조회 중... 10000건
  조회 중... 10200건
  조회 중... 10400건
  조회 중... 10600건
  조회 중... 10800건
  조회 중... 11000건
  조회 중... 11200건
  조회 중... 11400건
  조회 중... 11600건
  조회 중... 11800건
  조회 중... 12000건
  조회 중... 12200건
  조회 중... 12400건
  조회 중... 12600건
  조회 중... 12800건
  조회 중... 13000건
  조회 중... 13200건
  조회 중... 13400건
  조회 중... 13600건
  조회 중... 13800건
  조회 중... 14000건
  조회 중... 14200건
  조회 중... 14400건
  조회 중... 14600건
  조회 중... 14800건
  조회 중... 15000건
  조회 중... 15200건
  조회 중... 15400건
  조회 중... 15600건
  조회 중... 15800건
  조회 중... 16000건
  조회 중... 16157건
  → 16157건 조회됨
Supabase 업로드 중...
  ↑ 500/16157건 완료
  ↑ 1000/16157건 완료
  ↑ 1500/16157건 완료
  ↑ 2000/16157건 완료
  ↑ 2500/16157건 완료
  ↑ 3000/16157건 완료
  ↑ 3500/16157건 완료
  ↑ 4000/16157건 완료
  ↑ 4500/16157건 완료
  ↑ 5000/16157건 완료
  ↑ 5500/16157건 완료
  ↑ 6000/16157건 완료
  ↑ 6500/16157건 완료
  ↑ 7000/16157건 완료
  ↑ 7500/16157건 완료
  ↑ 8000/16157건 완료
  ↑ 8500/16157건 완료
  ↑ 9000/16157건 완료
  ↑ 9500/16157건 완료
  ↑ 10000/16157건 완료
  ↑ 10500/16157건 완료
  ↑ 11000/16157건 완료
  ↑ 11500/16157건 완료
  ↑ 12000/16157건 완료
  ↑ 12500/16157건 완료
  ↑ 13000/16157건 완료
  ↑ 13500/16157건 완료
  ↑ 14000/16157건 완료
  ↑ 14500/16157건 완료
  ↑ 15000/16157건 완료
  ↑ 15500/16157건 완료
  ↑ 16000/16157건 완료
  ↑ 16157/16157건 완료
✅ 동기화 완료!
쿠팡 파일 없음
지그재그 파일 없음
경고: 쿠팡: 파일 없음; 지그재그: 파일 없음
업서트 대상: 0행 (2026-07-11 ~ 2026-08-15)
쿠팡 파일 없음
지그재그 파일 없음
경고: 쿠팡: 파일 없음; 지그재그: 파일 없음
업서트 대상: 0행 (2026-07-12 ~ 2026-08-16)
쿠팡 파일 없음
지그재그 파일 없음
경고: 쿠팡: 파일 없음; 지그재그: 파일 없음
업서트 대상: 0행 (2026-07-14 ~ 2026-08-18)
node:fs:440
    return binding.readFileUtf8(path, stringToFlags(options.flag));
                   ^

Error: ENOENT: no such file or directory, open '"/Users/kirby/.naverworks/private.key"'
    at readFileSync (node:fs:440:20)
    at file:///Users/kirby/oa-dashboard2/scripts/nworks-auth.mjs:18:13
    at ModuleJob.run (node:internal/modules/esm/module_job:430:25)
    at async onImport.tracePromise.__proto__ (node:internal/modules/esm/loader:661:26)
    at async asyncRunEntryPointWithESMLoader (node:internal/modules/run_main:101:5) {
  errno: -2,
  code: 'ENOENT',
  syscall: 'open',
  path: '"/Users/kirby/.naverworks/private.key"'
}

Node.js v24.14.0
──── 미리보기 ────
📊 부스터즈 광고 리포트 (8/17 월)
총 광고비 131.6만원

── 메타 전환 ──
62.1만원  (평소 +18%)
클릭 1,433 · 랜딩 59% · CPC 433원

── 메타 트래픽 ──
18.4만원  (평소 +21%)
클릭 1,615 · 랜딩 84% · CPC 114원

── GFA ──
51만원  (평소 -1%)
클릭 1,248 · 구매 13건 · 구매당 3.9만원 · ROAS 130%

── GFA 캠페인 TOP3 ──
1. 드라이기_전환  18.5만원 · ROAS 193%
2. 구강가전_전환  13.1만원 · ROAS 56%
3. 드라이기_맞춤타겟  9.7만원 · ROAS 182%

── 신규 광고 (오늘) ──
메타: 클린이워터B_웃을때자신있게, 클린이워터B_진짜관리는치아부터, 클린이워터B_실제후기, 클린이워터B_욕실버블 외 9개
GFA: 없음
─────────────────
발송 완료 → jmpark@oa-world.com
발송 완료 → kkeim@oa-world.com
쿠팡 파일 없음
지그재그 파일 없음
경고: 쿠팡: 파일 없음; 지그재그: 파일 없음
업서트 대상: 0행 (2026-07-15 ~ 2026-08-19)
[2026. 8. 19. AM 9:05:00] 랭킹 실판매 동기화 시작

  조회 중... 10행
  → 10행 조회
✅ 동기화 완료
[2026. 8. 19. AM 9:10:00] 전제품 검색순위 동기화 시작

  조회 중... 3213행 (D-90~)
  조회 중... 6150행 (D-83~)
  조회 중... 9469행 (D-76~)
  조회 중... 12903행 (D-69~)[2026. 8. 19. AM 9:15:00] 우선순위 동기화 시작

  조회 중... 16234행 (D-62~)
  조회 중... 19640행 (D-55~)발송 완료 (썸네일 3장):
📋 8/19(수) 아침 브리핑

🎨 소재 검토 3건 (평균 CTR 1.79%)
1. 소닉플로우_이민정 소구 1
   ㄴ 7일 33만원 · CTR 0.46%
   ㄴ 재제작: oa-dashboard2.vercel.app/?recreate=%EC%86%8C%EB%8B%89%ED%94%8C%EB%A1%9C%EC%9A%B0_%EC%9D%B4%EB%AF%BC%EC%A0%95%20%EC%86%8C%EA%B5%AC%201
2. [행사X]에어리소닉_영상1
   ㄴ 7일 24만원 · CTR 0.64%
   ㄴ 재제작: oa-dashboard2.vercel.app/?recreate=%5B%ED%96%89%EC%82%ACX%5D%EC%97%90%EC%96%B4%EB%A6%AC%EC%86%8C%EB%8B%89_%EC%98%81%EC%83%811
3. 소닉플로우_이민정 소구 4
   ㄴ 7일 14만원 · CTR 0.47%
   ㄴ 재제작: oa-dashboard2.vercel.app/?recreate=%EC%86%8C%EB%8B%89%ED%94%8C%EB%A1%9C%EC%9A%B0_%EC%9D%B4%EB%AF%BC%EC%A0%95%20%EC%86%8C%EA%B5%AC%204

⚠️ 확인: 이미용 매출데이터 누락 · 메타광고 데이터 누락

👉 oa-dashboard2.vercel.app

  조회 중... 23049행 (D-48~)
  매출 조회 중... 7714행 (D-180~)
  조회 중... 26328행 (D-41~)
  조회 중... 29776행 (D-34~)
  조회 중... 33235행 (D-27~)
  조회 중... 34227행 (D-20~)
  조회 중... 34227행 (D-13~)
  조회 중... 34227행 (D-6~)
  → 키워드 529개 · 34227행 (90일)

  조회 중... 0행  → payload 609KB
✅ 동기화 완료
스마트스토어 동기화 실패: 토큰 실패: {"code":"GW.IP_NOT_ALLOWED","message":"호출이 허용되지 않은 IP입니다.","timestamp":"2026-08-19T09:25:00.781+09:00","traceId":"AZ_RHYMOdryPjKxlryEoLw^1785919799126^87377382"}

  매출 조회 중... 15453행 (D-150~)조회 기간: 2026-07-20 ~ 2026-08-18
  page 1/4 — 누적 100행
  page 2/4 — 누적 200행
  page 3/4 — 누적 300행
  page 4/4 — 누적 336행
소재 336행 · 총비용 39,395,067원 · 구매완료 1869 · 전환매출 67,597,730원 · ROAS 172%
업로드 완료 — 336행, targetRoas 300% 유지
대시보드 GFA 탭 새로고침하면 반영됩니다

  매출 조회 중... 23447행 (D-120~)시트 마지막 날짜: 2026-08-17
메타 인사이트 조회: 2026-08-12 ~ 2026-08-18
336행 (7일: 2026-08-12 ~ 2026-08-18)
웹앱 응답: {'ok': True, 'removed': 289, 'added': 336, 'total': 19396}
완료 — 대시보드 메타 탭 새로고침하면 반영됩니다

  매출 조회 중... 31228행 (D-90~)
  매출 조회 중... 38988행 (D-60~)
  매출 조회 중... 46987행 (D-30~)
  → 품목 382개 · 일별 46987행 (180일)

  조회 중... 200행
  조회 중... 319행
  → 작년 동기 데이터 319개 품목

  네이버 광고 조회 중... 0행 (D-180~)
  네이버 광고 조회 중... 0행 (D-150~)
  네이버 광고 조회 중... 0행 (D-120~)
  네이버 광고 조회 중... 15311행 (D-90~)
  네이버 광고 조회 중... 38692행 (D-60~)
  네이버 광고 조회 중... 40256행 (D-30~)
  → 네이버 광고그룹 819개 중 490개 제품 매칭

  조회 중... 14행
  → payload 1488KB
✅ 동기화 완료
리마인드 대상 없음
daily-ad-report 실패: fetch failed
daily-ad-report 실패: fetch failed
쿠팡 파일 없음
지그재그 파일 없음
경고: 쿠팡: 파일 없음; 지그재그: 파일 없음
업서트 대상: 0행 (2026-07-17 ~ 2026-08-21)
[2026. 8. 21. AM 9:05:00] 랭킹 실판매 동기화 시작

  조회 중... 10행
  → 10행 조회
✅ 동기화 완료
[2026. 8. 21. AM 9:10:00] 전제품 검색순위 동기화 시작

  조회 중... 3250행 (D-90~)
  조회 중... 6072행 (D-83~)
  조회 중... 9511행 (D-76~)[2026. 8. 21. AM 9:15:00] 우선순위 동기화 시작
❌ 오류: fetch failed
❌ 오류: fetch failed
실패: fetch failed
스마트스토어 동기화 실패: fetch failed
조회 기간: 2026-07-22 ~ 2026-08-20
Traceback (most recent call last):
  File "/Users/kirby/oa-dashboard2/scripts/gfa/gfa_sync.py", line 124, in <module>
    main()
  File "/Users/kirby/oa-dashboard2/scripts/gfa/gfa_sync.py", line 106, in main
    rows, start, end = fetch_report(a.days)
  File "/Users/kirby/oa-dashboard2/scripts/gfa/gfa_sync.py", line 51, in fetch_report
    r = ctx.request.get(url, headers={"Referer": "https://ads.naver.com/manage/ad-accounts/1742505/da/report/performance"})
  File "/Users/kirby/Library/Python/3.9/lib/python/site-packages/playwright/sync_api/_generated.py", line 18545, in get
    self._sync(
  File "/Users/kirby/Library/Python/3.9/lib/python/site-packages/playwright/_impl/_sync_base.py", line 115, in _sync
    return task.result()
  File "/Users/kirby/Library/Python/3.9/lib/python/site-packages/playwright/_impl/_fetch.py", line 193, in get
    return await self.fetch(
  File "/Users/kirby/Library/Python/3.9/lib/python/site-packages/playwright/_impl/_fetch.py", line 319, in fetch
    return await self._inner_fetch(
  File "/Users/kirby/Library/Python/3.9/lib/python/site-packages/playwright/_impl/_fetch.py", line 410, in _inner_fetch
    response = await self._channel.send(
  File "/Users/kirby/Library/Python/3.9/lib/python/site-packages/playwright/_impl/_connection.py", line 69, in send
    return await self._connection.wrap_api_call(
  File "/Users/kirby/Library/Python/3.9/lib/python/site-packages/playwright/_impl/_connection.py", line 559, in wrap_api_call
    raise rewrite_error(error, f"{parsed_st['apiName']}: {error}") from None
playwright._impl._errors.TimeoutError: APIRequestContext.get: Timeout 30000ms exceeded.
Call log:
  - → GET https://ads.naver.com/apis/report/gfa/v1/adAccounts/1742505/stats/reportPerformance?startDate=2026-07-22&endDate=2026-08-20&reportAdUnit=CREATIVE&reportFilterListString=%5B%5D&pageNumber=1&pageSize=100
    - user-agent: Mozilla/5.0 (Macintosh; Intel Mac OS X 10_15_7) AppleWebKit/537.36 (KHTML, like Gecko) HeadlessChrome/151.0.0.0 Safari/537.36
    - accept: */*
    - accept-encoding: gzip,deflate,br
    - Referer: https://ads.naver.com/manage/ad-accounts/1742505/da/report/performance
    - cookie: NNB=NRJTACYCERQGU; NAC=vlfHDYioCSOAA; nid_inf=-386784695; NID_AUT=wFAlrP+xszKI7AHvuTu8ncEw/yjqx2RtlhYDCVb/wf9NabtLAvVW8Tqbe9DllChp; BUC=0p8nQ0tKohNRepQpKlrd9ERDbPuln76Op6rDudqQ-uM=; NID_SES=AAABr035WSUfOu7tfKU8pwH2QmSyWHUZP+JQrITjcNwfU1jGNwuAiobe4dXXk9kIYq4lxBcupaUXo4lLysIKmeDHYSAB3aog44QqdXg0cPqOSsJ2VM/KaHp+axCW5kg1BDrxFhWXjGi4wtU8P1Wa8WWn4jo2HglWN/bLM4OtCoykPs52X1AvpYnp615XO2VX7BWsAsm84Y1Z6NLOyZsb+vJ8jqY+oMuGTg3wKg5EXBGndfN7ru+59jds6NyywVzlqCgB8oXNSs2GqYTTXy1RXc15rDLQE7s7rG0F/XBKetcTBMfYDY8TQMEunAJTKDAma9GwxyF8X+RGP15TzXvVIe2ZDn/a9xUsuI3U0g8ffOi1muihbNIcB+PzI51HaCFnpSozcS7vSq9k9F0frrOeRf/zqD7we65Gfc2L8ux7nbv7p+ZZypD7zo6ULZYYaqiq8cMsRH5rd+OV12f9MRNEYug7sxcfhTCnLYX3mhJhkEPwU7C7k89D9YLJ2+rj/WXJleo8UGPs60745ox17EjQkh7sweQAEgEHzjVi8EW+M9VOsYgVOkzJN5JCXu8RANHM+Byg1w==

Traceback (most recent call last):
  File "/Library/Developer/CommandLineTools/Library/Frameworks/Python3.framework/Versions/3.9/lib/python3.9/urllib/request.py", line 1346, in do_open
    h.request(req.get_method(), req.selector, req.data, headers,
  File "/Library/Developer/CommandLineTools/Library/Frameworks/Python3.framework/Versions/3.9/lib/python3.9/http/client.py", line 1257, in request
    self._send_request(method, url, body, headers, encode_chunked)
  File "/Library/Developer/CommandLineTools/Library/Frameworks/Python3.framework/Versions/3.9/lib/python3.9/http/client.py", line 1303, in _send_request
    self.endheaders(body, encode_chunked=encode_chunked)
  File "/Library/Developer/CommandLineTools/Library/Frameworks/Python3.framework/Versions/3.9/lib/python3.9/http/client.py", line 1252, in endheaders
    self._send_output(message_body, encode_chunked=encode_chunked)
  File "/Library/Developer/CommandLineTools/Library/Frameworks/Python3.framework/Versions/3.9/lib/python3.9/http/client.py", line 1012, in _send_output
    self.send(msg)
  File "/Library/Developer/CommandLineTools/Library/Frameworks/Python3.framework/Versions/3.9/lib/python3.9/http/client.py", line 952, in send
    self.connect()
  File "/Library/Developer/CommandLineTools/Library/Frameworks/Python3.framework/Versions/3.9/lib/python3.9/http/client.py", line 1419, in connect
    super().connect()
  File "/Library/Developer/CommandLineTools/Library/Frameworks/Python3.framework/Versions/3.9/lib/python3.9/http/client.py", line 923, in connect
    self.sock = self._create_connection(
  File "/Library/Developer/CommandLineTools/Library/Frameworks/Python3.framework/Versions/3.9/lib/python3.9/socket.py", line 822, in create_connection
    for res in getaddrinfo(host, port, 0, SOCK_STREAM):
  File "/Library/Developer/CommandLineTools/Library/Frameworks/Python3.framework/Versions/3.9/lib/python3.9/socket.py", line 953, in getaddrinfo
    for res in _socket.getaddrinfo(host, port, family, type, proto, flags):
socket.gaierror: [Errno 8] nodename nor servname provided, or not known

During handling of the above exception, another exception occurred:

Traceback (most recent call last):
  File "/Users/kirby/oa-dashboard2/scripts/meta-sheet-sync.py", line 214, in <module>
    main()
  File "/Users/kirby/oa-dashboard2/scripts/meta-sheet-sync.py", line 176, in main
    last = sheet_last_date()
  File "/Users/kirby/oa-dashboard2/scripts/meta-sheet-sync.py", line 75, in sheet_last_date
    with urllib.request.urlopen(urllib.request.Request(
  File "/Library/Developer/CommandLineTools/Library/Frameworks/Python3.framework/Versions/3.9/lib/python3.9/urllib/request.py", line 214, in urlopen
    return opener.open(url, data, timeout)
  File "/Library/Developer/CommandLineTools/Library/Frameworks/Python3.framework/Versions/3.9/lib/python3.9/urllib/request.py", line 517, in open
    response = self._open(req, data)
  File "/Library/Developer/CommandLineTools/Library/Frameworks/Python3.framework/Versions/3.9/lib/python3.9/urllib/request.py", line 534, in _open
    result = self._call_chain(self.handle_open, protocol, protocol +
  File "/Library/Developer/CommandLineTools/Library/Frameworks/Python3.framework/Versions/3.9/lib/python3.9/urllib/request.py", line 494, in _call_chain
    result = func(*args)
  File "/Library/Developer/CommandLineTools/Library/Frameworks/Python3.framework/Versions/3.9/lib/python3.9/urllib/request.py", line 1389, in https_open
    return self.do_open(http.client.HTTPSConnection, req,
  File "/Library/Developer/CommandLineTools/Library/Frameworks/Python3.framework/Versions/3.9/lib/python3.9/urllib/request.py", line 1349, in do_open
    raise URLError(err)
urllib.error.URLError: <urlopen error [Errno 8] nodename nor servname provided, or not known>
리마인드 대상 없음
.report-skip 2026-08-21 — 오늘 발송 생략
스마트스토어 동기화 실패: 토큰 실패: {"code":"GW.IP_NOT_ALLOWED","message":"호출이 허용되지 않은 IP입니다.","timestamp":"2026-08-22T09:32:28.492+09:00","traceId":"AaAYljAQeIWcuW1G2lcAtw^1787118890380^19316693"}
조회 기간: 2026-07-23 ~ 2026-08-21
  page 1/4 — 누적 100행
  page 2/4 — 누적 200행
  page 3/4 — 누적 300행
  page 4/4 — 누적 368행
  활성 page 1/2 — 누적 100행
  활성 page 2/2 — 누적 105행
활성 판정 — 송출 중 100개 · 꺼짐 268개
소재 368행 · 총비용 40,928,419원 · 구매완료 1905 · 전환매출 69,490,490원 · ROAS 170%
업로드 완료 — 368행, targetRoas 300% 유지
대시보드 GFA 탭 새로고침하면 반영됩니다
──── 미리보기 ────
📊 부스터즈 광고 리포트 (8/21 금)
총 광고비 136.2만원

── 메타 전환 ──
66.9만원  (평소 +9%)
클릭 1,165 · 랜딩 58% · CPC 575원

── 메타 트래픽 ──
17.3만원  (평소 +11%)
클릭 1,343 · 랜딩 85% · CPC 129원

── GFA ──
52만원  (평소 +3%)
클릭 805 · 구매 8건 · 구매당 6.5만원 · ROAS 75%

── GFA 캠페인 TOP3 ──
1. 구강가전_전환  21.7만원 · ROAS 18%
2. 드라이기_전환  20.5만원 · ROAS 62%
3. 드라이기_맞춤타겟  9.8만원 · ROAS 74%

── 신규 광고 (오늘) ──
메타: 없음
GFA: 없음
─────────────────
발송 완료 → jmpark@oa-world.com
발송 완료 → kkeim@oa-world.com
쿠팡 파일 없음
지그재그 파일 없음
경고: 쿠팡: 파일 없음; 지그재그: 파일 없음
업서트 대상: 0행 (2026-07-20 ~ 2026-08-24)
[2026. 8. 24. AM 9:05:01] 랭킹 실판매 동기화 시작
  조회 중... 10행
  → 10행 조회
✅ 동기화 완료
[2026. 8. 24. AM 9:10:00] 전제품 검색순위 동기화 시작
  조회 중... 2805행 (D-90~)[2026. 8. 24. AM 9:15:00] 우선순위 동기화 시작
  조회 중... 6111행 (D-83~)  조회 중... 9550행 (D-76~)  조회 중... 12964행 (D-69~)발송 완료 (썸네일 3장):
📋 8/24(월) 아침 브리핑

🎨 소재 검토 3건 (평균 CTR 1.51%)
1. [행사X]에어리소닉_영상1
   ㄴ 7일 24만원 · CTR 0.44%
   ㄴ 재제작: oa-dashboard2.vercel.app/?recreate=%5B%ED%96%89%EC%82%ACX%5D%EC%97%90%EC%96%B4%EB%A6%AC%EC%86%8C%EB%8B%89_%EC%98%81%EC%83%811
2. 소닉플로우_이민정 소구 4
   ㄴ 7일 14만원 · CTR 0.42%
   ㄴ 재제작: oa-dashboard2.vercel.app/?recreate=%EC%86%8C%EB%8B%89%ED%94%8C%EB%A1%9C%EC%9A%B0_%EC%9D%B4%EB%AF%BC%EC%A0%95%20%EC%86%8C%EA%B5%AC%204
3. 소닉플로우_이민정 소구 1
   ㄴ 7일 13만원 · CTR 0.52%
   ㄴ 재제작: oa-dashboard2.vercel.app/?recreate=%EC%86%8C%EB%8B%89%ED%94%8C%EB%A1%9C%EC%9A%B0_%EC%9D%B4%EB%AF%BC%EC%A0%95%20%EC%86%8C%EA%B5%AC%201

🎯 오늘의 가설 6건
1. 전 제품 (드라이기·고데기·뷰티디바이스 전체)
   ㄴ 원인분석 · 담당 미지정❗
2. 오아에어셋2-아이보리
   ㄴ 원인분석 · 담당 미지정❗
3. 오아무선고데기S-화이트
   ㄴ 원인분석 · 담당 미지정❗
4. 오아에어리소닉드라이기 (3색)
   ㄴ 마케팅액션 · 담당 미지정❗
5. 오아소닉플로우 (3색)
   ㄴ 마케팅액션 · 담당 미지정❗
6. 오아오토고데기40mm-퍼플
   ㄴ 마케팅액션 · 담당 미지정❗

⚠️ 확인: 이미용 매출데이터 누락 · 메타광고 데이터 누락

🏆 지난주 실행률: 미지정 0/18

👉 oa-dashboard2.vercel.app
  매출 조회 중... 7747행 (D-180~)  조회 중... 16308행 (D-62~)스마트스토어 동기화 실패: 토큰 실패: {"code":"GW.IP_NOT_ALLOWED","message":"호출이 허용되지 않은 IP입니다.","timestamp":"2026-08-24T09:25:02.837+09:00","traceId":"AaAZEmu1fCiKHd1qk0vPag^1787127032037^30403065"}
  조회 중... 19702행 (D-55~)  조회 중... 23057행 (D-48~)조회 기간: 2026-07-25 ~ 2026-08-23
  page 1/4 — 누적 100행
  page 2/4 — 누적 200행
  page 3/4 — 누적 300행
  page 4/4 — 누적 368행
  활성 page 1/2 — 누적 100행
  활성 page 2/2 — 누적 106행
활성 판정 — 송출 중 99개 · 꺼짐 269개
소재 368행 · 총비용 39,284,117원 · 구매완료 1901 · 전환매출 69,474,300원 · ROAS 177%
업로드 완료 — 368행, targetRoas 300% 유지
대시보드 GFA 탭 새로고침하면 반영됩니다
  매출 조회 중... 15505행 (D-150~)  조회 중... 26422행 (D-41~)  조회 중... 29881행 (D-34~)시트 마지막 날짜: 2026-08-20
메타 인사이트 조회: 2026-08-17 ~ 2026-08-23
361행 (7일: 2026-08-17 ~ 2026-08-23)
웹앱 응답: {'ok': True, 'removed': 189, 'added': 361, 'total': 19678}
완료 — 대시보드 메타 탭 새로고침하면 반영됩니다
  조회 중... 31858행 (D-27~)  조회 중... 31858행 (D-20~)  조회 중... 31858행 (D-13~)  조회 중... 31858행 (D-6~)
  → 키워드 529개 · 31858행 (90일)
  조회 중... 0행  → payload 567KB
✅ 동기화 완료
  매출 조회 중... 23446행 (D-120~)  매출 조회 중... 31227행 (D-90~)  매출 조회 중... 39054행 (D-60~)  매출 조회 중... 47056행 (D-30~)
  → 품목 381개 · 일별 47056행 (180일)
  조회 중... 200행  조회 중... 319행
  → 작년 동기 데이터 319개 품목
  네이버 광고 조회 중... 0행 (D-180~)  네이버 광고 조회 중... 0행 (D-150~)  네이버 광고 조회 중... 0행 (D-120~)  네이버 광고 조회 중... 19195행 (D-90~)  네이버 광고 조회 중... 40256행 (D-60~)  네이버 광고 조회 중... 40256행 (D-30~)
  → 네이버 광고그룹 819개 중 490개 제품 매칭
  조회 중... 14행
  → payload 1490KB
✅ 동기화 완료
발송: 미지정 6건
──── 미리보기 ────
📊 부스터즈 주간 광고 리포트 (8/17~8/23)
총 광고비 916.3만원

── 메타 전환 ──
452.4만원  (평소 +23%)
클릭 9,189 · 랜딩 57% · CPC 492원

── 메타 트래픽 ──
108.5만원  (평소 +1%)
클릭 8,822 · 랜딩 85% · CPC 123원

── GFA ──
355.4만원  (평소 -2%)
클릭 6,323 · 구매 94건 · 구매당 3.8만원 · ROAS 140%

── GFA 캠페인 TOP3 ──
1. 드라이기_전환  139.6만원 · ROAS 135%
2. 구강가전_전환  132.8만원 · ROAS 47%
3. 드라이기_맞춤타겟  68.4만원 · ROAS 170%

── 신규 광고 (최근 7일) ──
메타: 클린이스윙P_비포애프터, 클린이스윙P_스마트, 클린이워터B+거치대_오아로시작하는, 클린이워터B+거치대_오아로시작하는 - 사본 외 17개
GFA: 없음
─────────────────
발송 완료 → jmpark@oa-world.com
발송 완료 → kkeim@oa-world.com
[2026. 8. 25. AM 7:00:00] 이미용 동기화 시작 (MCP 경유, 최근 30일)
MySQL(MCP) 조회 중...
  조회 중... 200건  조회 중... 400건  조회 중... 600건  조회 중... 800건  조회 중... 1000건  조회 중... 1200건  조회 중... 1400건  조회 중... 1600건  조회 중... 1800건  조회 중... 2000건  조회 중... 2200건  조회 중... 2400건  조회 중... 2600건  조회 중... 2800건  조회 중... 3000건  조회 중... 3200건  조회 중... 3400건  조회 중... 3600건  조회 중... 3800건  조회 중... 4000건  조회 중... 4200건  조회 중... 4400건  조회 중... 4600건  조회 중... 4800건  조회 중... 5000건  조회 중... 5200건  조회 중... 5400건  조회 중... 5600건  조회 중... 5800건  조회 중... 6000건  조회 중... 6200건  조회 중... 6400건  조회 중... 6600건  조회 중... 6800건  조회 중... 7000건  조회 중... 7200건  조회 중... 7400건  조회 중... 7600건  조회 중... 7800건  조회 중... 8000건  조회 중... 8200건  조회 중... 8400건  조회 중... 8600건  조회 중... 8800건  조회 중... 9000건  조회 중... 9200건  조회 중... 9400건  조회 중... 9600건  조회 중... 9800건  조회 중... 10000건  조회 중... 10200건  조회 중... 10400건  조회 중... 10600건  조회 중... 10800건  조회 중... 11000건  조회 중... 11200건  조회 중... 11400건  조회 중... 11600건  조회 중... 11800건  조회 중... 12000건  조회 중... 12200건  조회 중... 12400건  조회 중... 12600건  조회 중... 12800건  조회 중... 13000건  조회 중... 13200건  조회 중... 13400건  조회 중... 13600건  조회 중... 13800건  조회 중... 14000건  조회 중... 14200건  조회 중... 14400건  조회 중... 14600건  조회 중... 14800건  조회 중... 15000건  조회 중... 15200건  조회 중... 15400건  조회 중... 15600건  조회 중... 15800건  조회 중... 16000건  조회 중... 16104건
  → 16104건 조회됨
Supabase 업로드 중...
  ↑ 500/16104건 완료
  ↑ 1000/16104건 완료
  ↑ 1500/16104건 완료
  ↑ 2000/16104건 완료
  ↑ 2500/16104건 완료
  ↑ 3000/16104건 완료
  ↑ 3500/16104건 완료
  ↑ 4000/16104건 완료
  ↑ 4500/16104건 완료
  ↑ 5000/16104건 완료
❌ 오류: Supabase upsert 실패: {"code":"21000","details":null,"hint":"Ensure that no rows proposed for insertion within the same command have duplicate constrained values.","message":"ON CONFLICT DO UPDATE command cannot affect row a second time"}
쿠팡 파일 없음
지그재그 파일 없음
경고: 쿠팡: 파일 없음; 지그재그: 파일 없음
업서트 대상: 0행 (2026-07-21 ~ 2026-08-25)
[2026. 8. 25. AM 9:05:01] 랭킹 실판매 동기화 시작
  조회 중... 10행
  → 10행 조회
✅ 동기화 완료
[2026. 8. 25. AM 9:10:00] 전제품 검색순위 동기화 시작
  조회 중... 2820행 (D-90~)  조회 중... 6130행 (D-83~)[2026. 8. 25. AM 9:15:00] 우선순위 동기화 시작
  조회 중... 9568행 (D-76~)발송 완료 (썸네일 5장):
📋 8/25(화) 아침 브리핑

🎨 소재 검토 5건 (평균 CTR 1.59%)
1. [행사X]에어리소닉_영상1
   ㄴ 7일 35만원 · CTR 0.52%
   ㄴ 재제작: oa-dashboard2.vercel.app/?recreate=%5B%ED%96%89%EC%82%ACX%5D%EC%97%90%EC%96%B4%EB%A6%AC%EC%86%8C%EB%8B%89_%EC%98%81%EC%83%811
2. 소닉플로우_이민정 소구 1
   ㄴ 7일 21만원 · CTR 0.58%
   ㄴ 재제작: oa-dashboard2.vercel.app/?recreate=%EC%86%8C%EB%8B%89%ED%94%8C%EB%A1%9C%EC%9A%B0_%EC%9D%B4%EB%AF%BC%EC%A0%95%20%EC%86%8C%EA%B5%AC%201
3. 소닉플로우_이민정 소구 3
   ㄴ 7일 18만원 · CTR 0.57%
   ㄴ 재제작: oa-dashboard2.vercel.app/?recreate=%EC%86%8C%EB%8B%89%ED%94%8C%EB%A1%9C%EC%9A%B0_%EC%9D%B4%EB%AF%BC%EC%A0%95%20%EC%86%8C%EA%B5%AC%203
4. 클린이워터B_실제후기
   ㄴ 7일 15만원 · CTR 0.58%
   ㄴ 재제작: oa-dashboard2.vercel.app/?recreate=%ED%81%B4%EB%A6%B0%EC%9D%B4%EC%9B%8C%ED%84%B0B_%EC%8B%A4%EC%A0%9C%ED%9B%84%EA%B8%B0
5. 소닉플로우_이민정 소구 4
   ㄴ 7일 11만원 · CTR 0.41%
   ㄴ 재제작: oa-dashboard2.vercel.app/?recreate=%EC%86%8C%EB%8B%89%ED%94%8C%EB%A1%9C%EC%9A%B0_%EC%9D%B4%EB%AF%BC%EC%A0%95%20%EC%86%8C%EA%B5%AC%204

🎯 오늘의 가설 6건
1. 오아에어리스마트-화이트
   ㄴ 원인분석 · 담당 미지정❗
2. 오아에어리소닉드라이기-베이지
   ㄴ 원인분석 · 담당 미지정❗
3. 오아뿌리볼륨고데기-블랙
   ㄴ 원인분석 · 담당 미지정❗
4. 오아소닉플로우-핑크
   ㄴ 마케팅액션 · 담당 미지정❗
5. 오아이지봉고데기-화이트
   ㄴ 마케팅액션 · 담당 미지정❗
6. 오아에어셋2-아이보리
   ㄴ 마케팅액션 · 담당 미지정❗

⚠️ 확인: 메타광고 데이터 누락

👉 oa-dashboard2.vercel.app
  조회 중... 12973행 (D-69~)  조회 중... 16316행 (D-62~)스마트스토어 동기화 실패: 토큰 실패: {"code":"GW.IP_NOT_ALLOWED","message":"호출이 허용되지 않은 IP입니다.","timestamp":"2026-08-25T09:25:01.077+09:00","traceId":"AaAYljVddEmBVLX8eTkDZg^1787118891744^38195280"}
  매출 조회 중... 7733행 (D-180~)  조회 중... 19717행 (D-55~)  조회 중... 23073행 (D-48~)조회 기간: 2026-07-26 ~ 2026-08-24
  page 1/4 — 누적 100행
  page 2/4 — 누적 200행
  page 3/4 — 누적 300행
  page 4/4 — 누적 385행
  활성 page 1/2 — 누적 100행
  활성 page 2/2 — 누적 118행
활성 판정 — 송출 중 109개 · 꺼짐 279개
소재 385행 · 총비용 39,069,354원 · 구매완료 1903 · 전환매출 69,768,700원 · ROAS 179%
업로드 완료 — 385행, targetRoas 300% 유지
대시보드 GFA 탭 새로고침하면 반영됩니다
  조회 중... 26439행 (D-41~)  매출 조회 중... 15495행 (D-150~)시트 마지막 날짜: 2026-08-23
메타 인사이트 조회: 2026-08-18 ~ 2026-08-24
384행 (7일: 2026-08-18 ~ 2026-08-24)
웹앱 응답: {'ok': True, 'removed': 329, 'added': 384, 'total': 19733}
완료 — 대시보드 메타 탭 새로고침하면 반영됩니다
  조회 중... 29900행 (D-34~)  조회 중... 31384행 (D-27~)  조회 중... 31384행 (D-20~)  조회 중... 31384행 (D-13~)  조회 중... 31384행 (D-6~)
  → 키워드 529개 · 31384행 (90일)
  조회 중... 0행  → payload 559KB
✅ 동기화 완료
  매출 조회 중... 23461행 (D-120~)  매출 조회 중... 31224행 (D-90~)  매출 조회 중... 39035행 (D-60~)  매출 조회 중... 47036행 (D-30~)
  → 품목 381개 · 일별 47036행 (180일)
  조회 중... 200행  조회 중... 319행
  → 작년 동기 데이터 319개 품목
  네이버 광고 조회 중... 0행 (D-180~)  네이버 광고 조회 중... 0행 (D-150~)  네이버 광고 조회 중... 0행 (D-120~)  네이버 광고 조회 중... 19974행 (D-90~)  네이버 광고 조회 중... 40256행 (D-60~)  네이버 광고 조회 중... 40256행 (D-30~)
  → 네이버 광고그룹 819개 중 490개 제품 매칭
  조회 중... 14행
  → payload 1489KB
✅ 동기화 완료
발송: 미지정 6건
──── 미리보기 ────
📊 부스터즈 광고 리포트 (8/24 월)
총 광고비 137만원

── 메타 전환 ──
68.9만원  (평소 +7%)
클릭 1,456 · 랜딩 56% · CPC 473원

── 메타 트래픽 ──
14만원  (평소 -10%)
클릭 1,196 · 랜딩 87% · CPC 117원

── GFA ──
54.2만원  (평소 +7%)
클릭 849 · 구매 7건 · 구매당 7.7만원 · ROAS 87%

── GFA 캠페인 TOP3 ──
1. 구강가전_전환  23.7만원 · ROAS 42%
2. 드라이기_전환  20.5만원 · ROAS 29%
3. 드라이기_맞춤타겟  10만원 · ROAS 136%

── 신규 광고 (오늘) ──
메타: 없음
GFA: 없음
─────────────────
발송 완료 → jmpark@oa-world.com
발송 완료 → kkeim@oa-world.com
[2026. 8. 26. AM 7:00:00] 이미용 동기화 시작 (MCP 경유, 최근 30일)
MySQL(MCP) 조회 중...
  조회 중... 200건  조회 중... 400건  조회 중... 600건  조회 중... 800건  조회 중... 1000건  조회 중... 1200건  조회 중... 1400건  조회 중... 1600건  조회 중... 1800건  조회 중... 2000건  조회 중... 2200건  조회 중... 2400건  조회 중... 2600건  조회 중... 2800건  조회 중... 3000건  조회 중... 3200건  조회 중... 3400건  조회 중... 3600건  조회 중... 3800건  조회 중... 4000건  조회 중... 4200건  조회 중... 4400건  조회 중... 4600건  조회 중... 4800건  조회 중... 5000건  조회 중... 5200건  조회 중... 5400건  조회 중... 5600건  조회 중... 5800건  조회 중... 6000건  조회 중... 6200건  조회 중... 6400건  조회 중... 6600건  조회 중... 6800건  조회 중... 7000건  조회 중... 7200건  조회 중... 7400건  조회 중... 7600건  조회 중... 7800건  조회 중... 8000건  조회 중... 8200건  조회 중... 8400건  조회 중... 8600건  조회 중... 8800건  조회 중... 9000건  조회 중... 9200건  조회 중... 9400건  조회 중... 9600건  조회 중... 9800건  조회 중... 10000건  조회 중... 10200건  조회 중... 10400건  조회 중... 10600건  조회 중... 10800건  조회 중... 11000건  조회 중... 11200건  조회 중... 11400건  조회 중... 11600건  조회 중... 11800건  조회 중... 12000건  조회 중... 12200건  조회 중... 12400건  조회 중... 12600건  조회 중... 12800건  조회 중... 13000건  조회 중... 13200건  조회 중... 13400건  조회 중... 13600건  조회 중... 13800건  조회 중... 14000건  조회 중... 14200건  조회 중... 14400건  조회 중... 14600건  조회 중... 14800건  조회 중... 15000건  조회 중... 15200건  조회 중... 15400건  조회 중... 15600건  조회 중... 15800건  조회 중... 16000건  조회 중... 16200건  조회 중... 16400건  조회 중... 16416건
  → 16416건 조회됨
Supabase 업로드 중...
  ↑ 500/16416건 완료
  ↑ 1000/16416건 완료
  ↑ 1500/16416건 완료
  ↑ 2000/16416건 완료
  ↑ 2500/16416건 완료
  ↑ 3000/16416건 완료
  ↑ 3500/16416건 완료
  ↑ 4000/16416건 완료
  ↑ 4500/16416건 완료
  ↑ 5000/16416건 완료
  ↑ 5500/16416건 완료
  ↑ 6000/16416건 완료
  ↑ 6500/16416건 완료
  ↑ 7000/16416건 완료
  ↑ 7500/16416건 완료
  ↑ 8000/16416건 완료
  ↑ 8500/16416건 완료
  ↑ 9000/16416건 완료
  ↑ 9500/16416건 완료
  ↑ 10000/16416건 완료
  ↑ 10500/16416건 완료
  ↑ 11000/16416건 완료
  ↑ 11500/16416건 완료
  ↑ 12000/16416건 완료
  ↑ 12500/16416건 완료
  ↑ 13000/16416건 완료
  ↑ 13500/16416건 완료
  ↑ 14000/16416건 완료
  ↑ 14500/16416건 완료
  ↑ 15000/16416건 완료
  ↑ 15500/16416건 완료
  ↑ 16000/16416건 완료
  ↑ 16416/16416건 완료
✅ 동기화 완료!
쿠팡 파일 없음
지그재그 파일 없음
경고: 쿠팡: 파일 없음; 지그재그: 파일 없음
업서트 대상: 0행 (2026-07-22 ~ 2026-08-26)
[2026. 8. 26. AM 9:05:00] 랭킹 실판매 동기화 시작
  조회 중... 10행
  → 10행 조회
✅ 동기화 완료
[2026. 8. 26. AM 9:10:00] 전제품 검색순위 동기화 시작
  조회 중... 2937행 (D-90~)  조회 중... 6256행 (D-83~)[2026. 8. 26. AM 9:15:00] 우선순위 동기화 시작
  조회 중... 9690행 (D-76~)  조회 중... 13021행 (D-69~)발송 완료 (썸네일 5장):
📋 8/26(수) 아침 브리핑

🎨 소재 검토 5건 (평균 CTR 1.60%)
1. [행사X]에어리소닉_영상1
   ㄴ 7일 35만원 · CTR 0.53%
   ㄴ 재제작: oa-dashboard2.vercel.app/?recreate=%5B%ED%96%89%EC%82%ACX%5D%EC%97%90%EC%96%B4%EB%A6%AC%EC%86%8C%EB%8B%89_%EC%98%81%EC%83%811
2. 소닉플로우_이민정 소구 1
   ㄴ 7일 24만원 · CTR 0.60%
   ㄴ 재제작: oa-dashboard2.vercel.app/?recreate=%EC%86%8C%EB%8B%89%ED%94%8C%EB%A1%9C%EC%9A%B0_%EC%9D%B4%EB%AF%BC%EC%A0%95%20%EC%86%8C%EA%B5%AC%201
3. 소닉플로우_이민정 소구 3
   ㄴ 7일 20만원 · CTR 0.56%
   ㄴ 재제작: oa-dashboard2.vercel.app/?recreate=%EC%86%8C%EB%8B%89%ED%94%8C%EB%A1%9C%EC%9A%B0_%EC%9D%B4%EB%AF%BC%EC%A0%95%20%EC%86%8C%EA%B5%AC%203
4. 클린이워터B_실제후기
   ㄴ 7일 18만원 · CTR 0.55%
   ㄴ 재제작: oa-dashboard2.vercel.app/?recreate=%ED%81%B4%EB%A6%B0%EC%9D%B4%EC%9B%8C%ED%84%B0B_%EC%8B%A4%EC%A0%9C%ED%9B%84%EA%B8%B0
5. 클린이워터B+거치대세트_물살
   ㄴ 7일 11만원 · CTR 0.73%
   ㄴ 재제작: oa-dashboard2.vercel.app/?recreate=%ED%81%B4%EB%A6%B0%EC%9D%B4%EC%9B%8C%ED%84%B0B%2B%EA%B1%B0%EC%B9%98%EB%8C%80%EC%84%B8%ED%8A%B8_%EB%AC%BC%EC%82%B4

🎯 오늘의 가설 6건
1. 오아에어리스마트-화이트
   ㄴ 원인분석 · 담당 미지정❗
2. 오아소닉플로우-핑크
   ㄴ 원인분석 · 담당 미지정❗
3. 오아에어리소닉드라이기-핑크
   ㄴ 원인분석 · 담당 미지정❗
4. 오아뿌리볼륨고데기-블랙
   ㄴ 마케팅액션 · 담당 미지정❗
5. 오아프리온무선고데기-핑크
   ㄴ 마케팅액션 · 담당 미지정❗
6. 오아에어리소닉드라이기-화이트
   ㄴ 마케팅액션 · 담당 미지정❗

⚠️ 확인: 메타광고 데이터 누락

👉 oa-dashboard2.vercel.app
  조회 중... 16427행 (D-62~)  매출 조회 중... 7716행 (D-180~)  조회 중... 19836행 (D-55~)스마트스토어 동기화 실패: 토큰 실패: {"code":"GW.IP_NOT_ALLOWED","message":"호출이 허용되지 않은 IP입니다.","timestamp":"2026-08-26T09:25:01.235+09:00","traceId":"AaAZEoWbeNGtRA_qeEJ7EQ^1787127038484^43453832"}
  조회 중... 23115행 (D-48~)  조회 중... 26563행 (D-41~)조회 기간: 2026-07-27 ~ 2026-08-25
  page 1/4 — 누적 100행
  page 2/4 — 누적 200행
  page 3/4 — 누적 300행
  page 4/4 — 누적 388행
  활성 page 1/2 — 누적 100행
  활성 page 2/2 — 누적 128행
활성 판정 — 송출 중 118개 · 꺼짐 270개
소재 388행 · 총비용 38,890,255원 · 구매완료 1915 · 전환매출 70,500,110원 · ROAS 181%
업로드 완료 — 388행, targetRoas 300% 유지
대시보드 GFA 탭 새로고침하면 반영됩니다
  매출 조회 중... 15506행 (D-150~)  조회 중... 30022행 (D-34~)  조회 중... 31014행 (D-27~)  조회 중... 31014행 (D-20~)  조회 중... 31014행 (D-13~)  조회 중... 31014행 (D-6~)
  → 키워드 529개 · 31014행 (90일)
  조회 중... 0행  → payload 552KB
✅ 동기화 완료
시트 마지막 날짜: 2026-08-24
메타 인사이트 조회: 2026-08-19 ~ 2026-08-25
395행 (7일: 2026-08-19 ~ 2026-08-25)
웹앱 응답: {'ok': True, 'removed': 337, 'added': 395, 'total': 19791}
완료 — 대시보드 메타 탭 새로고침하면 반영됩니다
  매출 조회 중... 23471행 (D-120~)  매출 조회 중... 31216행 (D-90~)  매출 조회 중... 39022행 (D-60~)  매출 조회 중... 47085행 (D-30~)
  → 품목 381개 · 일별 47085행 (180일)
  조회 중... 200행  조회 중... 318행
  → 작년 동기 데이터 318개 품목
  네이버 광고 조회 중... 0행 (D-180~)  네이버 광고 조회 중... 0행 (D-150~)  네이버 광고 조회 중... 0행 (D-120~)  네이버 광고 조회 중... 20749행 (D-90~)  네이버 광고 조회 중... 40256행 (D-60~)  네이버 광고 조회 중... 40256행 (D-30~)
  → 네이버 광고그룹 819개 중 490개 제품 매칭
  조회 중... 14행
  → payload 1490KB
✅ 동기화 완료
발송: 미지정 6건
──── 미리보기 ────
📊 부스터즈 광고 리포트 (8/25 화)
총 광고비 135.4만원

── 메타 전환 ──
68.4만원  (평소 +4%)
클릭 1,603 · 랜딩 51% · CPC 427원

── 메타 트래픽 ──
13.7만원  (평소 -8%)
클릭 1,074 · 랜딩 85% · CPC 128원

── GFA ──
53.3만원  (평소 +4%)
클릭 823 · 구매 19건 · 구매당 2.8만원 · ROAS 190%

── GFA 캠페인 TOP3 ──
1. 구강가전_전환  23.3만원 · ROAS 16%
2. 드라이기_전환  20.4만원 · ROAS 185%
3. 드라이기_맞춤타겟  9.7만원 · ROAS 270%

── 신규 광고 (오늘) ──
메타: 없음
GFA: 없음
─────────────────
발송 완료 → jmpark@oa-world.com
발송 완료 → kkeim@oa-world.com
[2026. 8. 27. AM 7:00:03] 이미용 동기화 시작 (MCP 경유, 최근 30일)
MySQL(MCP) 조회 중...
  조회 중... 200건  조회 중... 400건  조회 중... 600건  조회 중... 800건  조회 중... 1000건  조회 중... 1200건  조회 중... 1400건  조회 중... 1600건  조회 중... 1800건  조회 중... 2000건  조회 중... 2200건  조회 중... 2400건  조회 중... 2600건  조회 중... 2800건  조회 중... 3000건  조회 중... 3200건  조회 중... 3400건  조회 중... 3600건  조회 중... 3800건  조회 중... 4000건  조회 중... 4200건  조회 중... 4400건  조회 중... 4600건  조회 중... 4800건  조회 중... 5000건  조회 중... 5200건  조회 중... 5400건  조회 중... 5600건  조회 중... 5800건  조회 중... 6000건  조회 중... 6200건  조회 중... 6400건  조회 중... 6600건  조회 중... 6800건  조회 중... 7000건  조회 중... 7200건  조회 중... 7400건  조회 중... 7600건  조회 중... 7800건  조회 중... 8000건  조회 중... 8200건  조회 중... 8400건  조회 중... 8600건  조회 중... 8800건  조회 중... 9000건  조회 중... 9200건  조회 중... 9400건  조회 중... 9600건  조회 중... 9800건  조회 중... 10000건  조회 중... 10200건  조회 중... 10400건  조회 중... 10600건  조회 중... 10800건  조회 중... 11000건  조회 중... 11200건  조회 중... 11400건  조회 중... 11600건  조회 중... 11800건  조회 중... 12000건  조회 중... 12200건  조회 중... 12400건  조회 중... 12600건  조회 중... 12800건  조회 중... 13000건  조회 중... 13200건  조회 중... 13400건  조회 중... 13600건  조회 중... 13800건  조회 중... 14000건  조회 중... 14200건  조회 중... 14400건  조회 중... 14600건  조회 중... 14800건  조회 중... 15000건  조회 중... 15200건  조회 중... 15400건  조회 중... 15600건  조회 중... 15800건  조회 중... 16000건  조회 중... 16200건  조회 중... 16400건  조회 중... 16433건
  → 16433건 조회됨
Supabase 업로드 중...
  ↑ 500/16433건 완료
  ↑ 1000/16433건 완료
  ↑ 1500/16433건 완료
  ↑ 2000/16433건 완료
  ↑ 2500/16433건 완료
  ↑ 3000/16433건 완료
  ↑ 3500/16433건 완료
  ↑ 4000/16433건 완료
  ↑ 4500/16433건 완료
  ↑ 5000/16433건 완료
  ↑ 5500/16433건 완료
  ↑ 6000/16433건 완료
  ↑ 6500/16433건 완료
  ↑ 7000/16433건 완료
  ↑ 7500/16433건 완료
  ↑ 8000/16433건 완료
  ↑ 8500/16433건 완료
  ↑ 9000/16433건 완료
  ↑ 9500/16433건 완료
  ↑ 10000/16433건 완료
  ↑ 10500/16433건 완료
  ↑ 11000/16433건 완료
  ↑ 11500/16433건 완료
  ↑ 12000/16433건 완료
  ↑ 12500/16433건 완료
  ↑ 13000/16433건 완료
  ↑ 13500/16433건 완료
  ↑ 14000/16433건 완료
  ↑ 14500/16433건 완료
  ↑ 15000/16433건 완료
  ↑ 15500/16433건 완료
  ↑ 16000/16433건 완료
  ↑ 16433/16433건 완료
✅ 동기화 완료!
쿠팡 파일 없음
지그재그 파일 없음
경고: 쿠팡: 파일 없음; 지그재그: 파일 없음
업서트 대상: 0행 (2026-07-23 ~ 2026-08-27)
[2026. 8. 27. AM 9:05:00] 랭킹 실판매 동기화 시작
  조회 중... 10행
  → 10행 조회
✅ 동기화 완료
[2026. 8. 27. AM 9:10:00] 전제품 검색순위 동기화 시작
  조회 중... 2823행 (D-90~)  조회 중... 6262행 (D-83~)[2026. 8. 27. AM 9:15:00] 우선순위 동기화 시작
  조회 중... 9686행 (D-76~)  조회 중... 13025행 (D-69~)발송 완료 (썸네일 5장):
📋 8/27(목) 아침 브리핑

📉 이미용 매출 급락 — 어제 1,848만원 (7일 평균 4,811만원, -62%)

🎨 소재 검토 6건 (평균 CTR 1.61%)
1. [행사X]에어리소닉_영상1
   ㄴ 7일 33만원 · CTR 0.57%
   ㄴ 재제작: oa-dashboard2.vercel.app/?recreate=%5B%ED%96%89%EC%82%ACX%5D%EC%97%90%EC%96%B4%EB%A6%AC%EC%86%8C%EB%8B%89_%EC%98%81%EC%83%811
2. 소닉플로우_이민정 소구 1
   ㄴ 7일 27만원 · CTR 0.60%
   ㄴ 재제작: oa-dashboard2.vercel.app/?recreate=%EC%86%8C%EB%8B%89%ED%94%8C%EB%A1%9C%EC%9A%B0_%EC%9D%B4%EB%AF%BC%EC%A0%95%20%EC%86%8C%EA%B5%AC%201
3. 소닉플로우_이민정 소구 3
   ㄴ 7일 21만원 · CTR 0.59%
   ㄴ 재제작: oa-dashboard2.vercel.app/?recreate=%EC%86%8C%EB%8B%89%ED%94%8C%EB%A1%9C%EC%9A%B0_%EC%9D%B4%EB%AF%BC%EC%A0%95%20%EC%86%8C%EA%B5%AC%203
4. 클린이워터B_실제후기
   ㄴ 7일 20만원 · CTR 0.54%
   ㄴ 재제작: oa-dashboard2.vercel.app/?recreate=%ED%81%B4%EB%A6%B0%EC%9D%B4%EC%9B%8C%ED%84%B0B_%EC%8B%A4%EC%A0%9C%ED%9B%84%EA%B8%B0
5. 클린이스윙P_비포애프터
   ㄴ 7일 17만원 · CTR 0.78%
   ㄴ 재제작: oa-dashboard2.vercel.app/?recreate=%ED%81%B4%EB%A6%B0%EC%9D%B4%EC%8A%A4%EC%9C%99P_%EB%B9%84%ED%8F%AC%EC%95%A0%ED%94%84%ED%84%B0

🎯 오늘의 가설 6건
1. 오아에어리라이트-화이트-리테일
   ㄴ 원인분석 · 담당 미지정❗
2. 오아에어리소닉드라이기-베이지
   ㄴ 원인분석 · 담당 미지정❗
3. 오아에어리스마트-화이트
   ㄴ 원인분석 · 담당 미지정❗
4. 오아소닉플로우-핑크
   ㄴ 마케팅액션 · 담당 미지정❗
5. 오아프리온무선고데기-핑크
   ㄴ 마케팅액션 · 담당 미지정❗
6. 오아에어리소닉드라이기-화이트
   ㄴ 마케팅액션 · 담당 미지정❗

⚠️ 확인: 메타광고 데이터 누락

👉 oa-dashboard2.vercel.app
  조회 중... 16431행 (D-62~)  매출 조회 중... 7691행 (D-180~)  조회 중... 19832행 (D-55~)스마트스토어 동기화 실패: 토큰 실패: {"code":"GW.IP_NOT_ALLOWED","message":"호출이 허용되지 않은 IP입니다.","timestamp":"2026-08-27T09:25:01.335+09:00","traceId":"AaAZEoWbeNGtRA_qeEJ7EQ^1787127038484^50629397"}
  조회 중... 23121행 (D-48~)  조회 중... 26574행 (D-41~)조회 기간: 2026-07-28 ~ 2026-08-26
  page 1/4 — 누적 100행
  page 2/4 — 누적 200행
  page 3/4 — 누적 300행
  page 4/4 — 누적 386행
  활성 page 1/2 — 누적 100행
  활성 page 2/2 — 누적 129행
활성 판정 — 송출 중 121개 · 꺼짐 265개
소재 386행 · 총비용 38,572,687원 · 구매완료 1913 · 전환매출 70,722,510원 · ROAS 183%
업로드 완료 — 386행, targetRoas 300% 유지
대시보드 GFA 탭 새로고침하면 반영됩니다
  매출 조회 중... 15525행 (D-150~)  조회 중... 30029행 (D-34~)  조회 중... 30526행 (D-27~)  조회 중... 30526행 (D-20~)  조회 중... 30526행 (D-13~)  조회 중... 30526행 (D-6~)
  → 키워드 529개 · 30526행 (90일)
  조회 중... 0행  → payload 544KB
✅ 동기화 완료
시트 마지막 날짜: 2026-08-25
메타 인사이트 조회: 2026-08-20 ~ 2026-08-26
396행 (7일: 2026-08-20 ~ 2026-08-26)
웹앱 응답: {'ok': True, 'removed': 343, 'added': 396, 'total': 19844}
완료 — 대시보드 메타 탭 새로고침하면 반영됩니다
📣 부스터즈팀 메타 룰 점검 (목표 CPA ₩10,000)

⬆️ 증액 추천 2건
· [전환]260622_에어리소닉 재활용예정
  7일 CPA ₩3,885 (257건/₩998,525) → 예산 ₩150,000→₩188,000 (+25%)
· [전환]260311_소닉플로우_광고소재변경해야함
  7일 CPA ₩4,597 (117건/₩537,793) → 예산 ₩80,000→₩100,000 (+25%)

⛔ 중지 추천 5건
· [행사O]클린이스윙P_전환
  7일 ₩199,123 지출, CPA ₩66,374 → OFF 권고
· [행사X]클린이워터B+거치대_전환
  7일 ₩240,086 지출, CPA ₩30,011 → OFF 권고
· [전환260504_소닉플로우_슈퍼적립+삼남매
  7일 ₩127,881 지출, CPA ₩127,881 → OFF 권고
· [전환]new소닉플로우_육아 재활용
  7일 ₩562,078 지출, CPA ₩35,130 → OFF 권고
· [전환260324_프리온_인플영상
  7일 ₩345,742 지출, CPA ₩38,416 → OFF 권고

👀 관찰 3건
· 클린이워터B_전환
  7일 CPA ₩28,950 — 소재 교체 검토
· 클린이스윙P_전환
  7일 CPA ₩28,741 — 소재 교체 검토
· [전환]260701_소닉플로우_이민정 머릿결
  7일 CPA ₩25,553 — 소재 교체 검토

(트래픽 목표 세트 10개는 CPA 룰 제외)
→ 텔레그램 발송 완료
  매출 조회 중... 23478행 (D-120~)  매출 조회 중... 31200행 (D-90~)  매출 조회 중... 39027행 (D-60~)  매출 조회 중... 47055행 (D-30~)
  → 품목 382개 · 일별 47055행 (180일)
  조회 중... 200행  조회 중... 318행
  → 작년 동기 데이터 318개 품목
  네이버 광고 조회 중... 0행 (D-180~)  네이버 광고 조회 중... 0행 (D-150~)  네이버 광고 조회 중... 0행 (D-120~)  네이버 광고 조회 중... 21528행 (D-90~)  네이버 광고 조회 중... 40256행 (D-60~)  네이버 광고 조회 중... 40256행 (D-30~)
  → 네이버 광고그룹 819개 중 490개 제품 매칭
  조회 중... 14행
  → payload 1490KB
✅ 동기화 완료
발송: 미지정 6건
──── 미리보기 ────
📊 부스터즈 광고 리포트 (8/26 수)
총 광고비 134.1만원

── 메타 전환 ──
65.1만원  (평소 -2%)
클릭 1,307 · 랜딩 54% · CPC 498원

── 메타 트래픽 ──
16.2만원  (평소 +8%)
클릭 1,302 · 랜딩 83% · CPC 124원

── GFA ──
52.9만원  (평소 +1%)
클릭 766 · 구매 16건 · 구매당 3.3만원 · ROAS 160%

── GFA 캠페인 TOP3 ──
1. 구강가전_전환  22.9만원 · ROAS 80%
2. 드라이기_전환  20만원 · ROAS 93%
3. 드라이기_맞춤타겟  9.9만원 · ROAS 478%

── 신규 광고 (오늘) ──
메타: 없음
GFA: 없음
─────────────────
발송 완료 → jmpark@oa-world.com
발송 완료 → kkeim@oa-world.com
[2026. 8. 28. AM 7:00:00] 이미용 동기화 시작 (MCP 경유, 최근 30일)
MySQL(MCP) 조회 중...
  조회 중... 200건  조회 중... 400건  조회 중... 600건  조회 중... 800건  조회 중... 1000건  조회 중... 1200건  조회 중... 1400건  조회 중... 1600건  조회 중... 1800건  조회 중... 2000건  조회 중... 2200건  조회 중... 2400건  조회 중... 2600건  조회 중... 2800건  조회 중... 3000건  조회 중... 3200건  조회 중... 3400건  조회 중... 3600건  조회 중... 3800건  조회 중... 4000건  조회 중... 4200건  조회 중... 4400건  조회 중... 4600건  조회 중... 4800건  조회 중... 5000건  조회 중... 5200건  조회 중... 5400건  조회 중... 5600건  조회 중... 5800건  조회 중... 6000건  조회 중... 6200건  조회 중... 6400건  조회 중... 6600건  조회 중... 6800건  조회 중... 7000건  조회 중... 7200건  조회 중... 7400건  조회 중... 7600건  조회 중... 7800건  조회 중... 8000건  조회 중... 8200건  조회 중... 8400건  조회 중... 8600건  조회 중... 8800건  조회 중... 9000건  조회 중... 9200건  조회 중... 9400건  조회 중... 9600건  조회 중... 9800건  조회 중... 10000건  조회 중... 10200건  조회 중... 10400건  조회 중... 10600건  조회 중... 10800건  조회 중... 11000건  조회 중... 11200건  조회 중... 11400건  조회 중... 11600건  조회 중... 11800건  조회 중... 12000건  조회 중... 12200건  조회 중... 12400건  조회 중... 12600건  조회 중... 12800건  조회 중... 13000건  조회 중... 13200건  조회 중... 13400건  조회 중... 13600건  조회 중... 13800건  조회 중... 14000건  조회 중... 14200건  조회 중... 14400건  조회 중... 14600건  조회 중... 14800건  조회 중... 15000건  조회 중... 15200건  조회 중... 15400건  조회 중... 15600건  조회 중... 15800건  조회 중... 16000건  조회 중... 16200건  조회 중... 16400건  조회 중... 16418건
  → 16418건 조회됨
Supabase 업로드 중...
  ↑ 500/16418건 완료
  ↑ 1000/16418건 완료
  ↑ 1500/16418건 완료
  ↑ 2000/16418건 완료
  ↑ 2500/16418건 완료
  ↑ 3000/16418건 완료
  ↑ 3500/16418건 완료
  ↑ 4000/16418건 완료
  ↑ 4500/16418건 완료
  ↑ 5000/16418건 완료
  ↑ 5500/16418건 완료
  ↑ 6000/16418건 완료
  ↑ 6500/16418건 완료
  ↑ 7000/16418건 완료
  ↑ 7500/16418건 완료
  ↑ 8000/16418건 완료
  ↑ 8500/16418건 완료
  ↑ 9000/16418건 완료
  ↑ 9500/16418건 완료
  ↑ 10000/16418건 완료
  ↑ 10500/16418건 완료
  ↑ 11000/16418건 완료
  ↑ 11500/16418건 완료
  ↑ 12000/16418건 완료
  ↑ 12500/16418건 완료
  ↑ 13000/16418건 완료
  ↑ 13500/16418건 완료
  ↑ 14000/16418건 완료
  ↑ 14500/16418건 완료
  ↑ 15000/16418건 완료
  ↑ 15500/16418건 완료
  ↑ 16000/16418건 완료
  ↑ 16418/16418건 완료
✅ 동기화 완료!
쿠팡 파일 없음
지그재그 파일 없음
경고: 쿠팡: 파일 없음; 지그재그: 파일 없음
업서트 대상: 0행 (2026-07-24 ~ 2026-08-28)
[2026. 8. 28. AM 9:05:00] 랭킹 실판매 동기화 시작
  조회 중... 10행
  → 10행 조회
✅ 동기화 완료
[2026. 8. 28. AM 9:10:00] 전제품 검색순위 동기화 시작
  조회 중... 2822행 (D-90~)  조회 중... 6261행 (D-83~)[2026. 8. 28. AM 9:15:00] 우선순위 동기화 시작
  조회 중... 9675행 (D-76~)  조회 중... 13034행 (D-69~)발송 완료 (썸네일 5장):
📋 8/28(금) 아침 브리핑

🎨 소재 검토 6건 (평균 CTR 1.63%)
1. [행사X]에어리소닉_영상1
   ㄴ 7일 33만원 · CTR 0.56%
   ㄴ 재제작: oa-dashboard2.vercel.app/?recreate=%5B%ED%96%89%EC%82%ACX%5D%EC%97%90%EC%96%B4%EB%A6%AC%EC%86%8C%EB%8B%89_%EC%98%81%EC%83%811
2. 소닉플로우_이민정 소구 1
   ㄴ 7일 30만원 · CTR 0.59%
   ㄴ 재제작: oa-dashboard2.vercel.app/?recreate=%EC%86%8C%EB%8B%89%ED%94%8C%EB%A1%9C%EC%9A%B0_%EC%9D%B4%EB%AF%BC%EC%A0%95%20%EC%86%8C%EA%B5%AC%201
3. 클린이워터B_실제후기
   ㄴ 7일 22만원 · CTR 0.55%
   ㄴ 재제작: oa-dashboard2.vercel.app/?recreate=%ED%81%B4%EB%A6%B0%EC%9D%B4%EC%9B%8C%ED%84%B0B_%EC%8B%A4%EC%A0%9C%ED%9B%84%EA%B8%B0
4. 소닉플로우_이민정 소구 3
   ㄴ 7일 21만원 · CTR 0.59%
   ㄴ 재제작: oa-dashboard2.vercel.app/?recreate=%EC%86%8C%EB%8B%89%ED%94%8C%EB%A1%9C%EC%9A%B0_%EC%9D%B4%EB%AF%BC%EC%A0%95%20%EC%86%8C%EA%B5%AC%203
5. 클린이스윙P_비포애프터
   ㄴ 7일 16만원 · CTR 0.76%
   ㄴ 재제작: oa-dashboard2.vercel.app/?recreate=%ED%81%B4%EB%A6%B0%EC%9D%B4%EC%8A%A4%EC%9C%99P_%EB%B9%84%ED%8F%AC%EC%95%A0%ED%94%84%ED%84%B0

🎯 오늘의 가설 6건
1. 오아에어리라이트-화이트-리테일
   ㄴ 원인분석 · 담당 미지정❗
2. 오아에어리스마트-화이트
   ㄴ 원인분석 · 담당 미지정❗
3. 오아소닉플로우-핑크/그레이/베이지
   ㄴ 원인분석 · 담당 미지정❗
4. 오아뿌리볼륨고데기-블랙
   ㄴ 마케팅액션 · 담당 미지정❗
5. 오아소닉플로우-베이지
   ㄴ 마케팅액션 · 담당 미지정❗
6. 오아오토고데기40mm-퍼플
   ㄴ 마케팅액션 · 담당 미지정❗

⚠️ 확인: 메타광고 데이터 누락

👉 oa-dashboard2.vercel.app
  조회 중... 16425행 (D-62~)  매출 조회 중... 7716행 (D-180~)스마트스토어 동기화 실패: 토큰 실패: {"code":"GW.IP_NOT_ALLOWED","message":"호출이 허용되지 않은 IP입니다.","timestamp":"2026-08-28T09:25:00.546+09:00","traceId":"AaAZEnVNfYCanWnWjSY7Aw^1787127034372^58292896"}
  조회 중... 19764행 (D-55~)조회 기간: 2026-07-29 ~ 2026-08-27
  page 1/4 — 누적 100행
  page 2/4 — 누적 200행
  page 3/4 — 누적 300행
  page 4/4 — 누적 384행
  활성 page 1/2 — 누적 100행
  활성 page 2/2 — 누적 113행
활성 판정 — 송출 중 101개 · 꺼짐 283개
소재 384행 · 총비용 37,952,842원 · 구매완료 1907 · 전환매출 70,510,410원 · ROAS 186%
업로드 완료 — 384행, targetRoas 300% 유지
대시보드 GFA 탭 새로고침하면 반영됩니다
  조회 중... 23127행 (D-48~)시트 마지막 날짜: 2026-08-26
메타 인사이트 조회: 2026-08-21 ~ 2026-08-27
387행 (7일: 2026-08-21 ~ 2026-08-27)
웹앱 응답: {'ok': True, 'removed': 338, 'added': 387, 'total': 19893}
완료 — 대시보드 메타 탭 새로고침하면 반영됩니다
  매출 조회 중... 15540행 (D-150~)  조회 중... 26578행 (D-41~)📣 부스터즈팀 메타 룰 점검 (목표 CPA ₩10,000)

⬆️ 증액 추천 2건
· [전환]260622_에어리소닉 재활용예정
  7일 CPA ₩4,367 (234건/₩1,021,768) → 예산 ₩150,000→₩188,000 (+25%)
· [전환]260311_소닉플로우_광고소재변경해야함
  7일 CPA ₩4,623 (117건/₩540,942) → 예산 ₩80,000→₩100,000 (+25%)

⛔ 중지 추천 6건
· 클린이워터B_전환
  7일 ₩479,970 지출, CPA ₩31,998 → OFF 권고
· [행사O]클린이스윙P_전환
  7일 ₩205,379 지출, CPA ₩102,690 → OFF 권고
· [행사X]클린이워터B+거치대_전환
  7일 ₩269,589 지출, CPA ₩38,513 → OFF 권고
· [전환]260701_소닉플로우_이민정 머릿결
  7일 ₩604,622 지출, CPA ₩30,231 → OFF 권고
· [전환260504_소닉플로우_슈퍼적립+삼남매
  7일 ₩31,168 지출, 구매 0 → OFF 권고
· [전환]new소닉플로우_육아 재활용
  7일 ₩557,213 지출, CPA ₩32,777 → OFF 권고

👀 관찰 2건
· 클린이스윙P_전환
  7일 CPA ₩27,893 — 소재 교체 검토
· [전환260324_프리온_인플영상
  7일 CPA ₩28,924 — 소재 교체 검토

(트래픽 목표 세트 10개는 CPA 룰 제외)
→ 텔레그램 발송 완료
  조회 중... 30033행 (D-34~)  조회 중... 30033행 (D-27~)  조회 중... 30033행 (D-20~)  조회 중... 30033행 (D-13~)  조회 중... 30033행 (D-6~)
  → 키워드 529개 · 30033행 (90일)
  조회 중... 0행  → payload 535KB
✅ 동기화 완료
  매출 조회 중... 23486행 (D-120~)  매출 조회 중... 31204행 (D-90~)  매출 조회 중... 39045행 (D-60~)  매출 조회 중... 47081행 (D-30~)
  → 품목 383개 · 일별 47081행 (180일)
  조회 중... 200행  조회 중... 318행
  → 작년 동기 데이터 318개 품목
  네이버 광고 조회 중... 0행 (D-180~)  네이버 광고 조회 중... 0행 (D-150~)  네이버 광고 조회 중... 0행 (D-120~)  네이버 광고 조회 중... 22304행 (D-90~)  네이버 광고 조회 중... 40256행 (D-60~)  네이버 광고 조회 중... 40256행 (D-30~)
  → 네이버 광고그룹 819개 중 490개 제품 매칭
  조회 중... 14행
  → payload 1490KB
✅ 동기화 완료
발송: 미지정 6건
──── 미리보기 ────
📊 부스터즈 광고 리포트 (8/27 목)
총 광고비 128만원

── 메타 전환 ──
60.7만원  (평소 -6%)
클릭 1,138 · 랜딩 56% · CPC 534원

── 메타 트래픽 ──
14.1만원  (평소 -8%)
클릭 1,049 · 랜딩 86% · CPC 135원

── GFA ──
53.1만원  (평소 +1%)
클릭 792 · 구매 13건 · 구매당 4.1만원 · ROAS 106%

── GFA 캠페인 TOP3 ──
1. 구강가전_전환  23만원 · ROAS 0%
2. 드라이기_전환  20.4만원 · ROAS 80%
3. 드라이기_맞춤타겟  9.7만원 · ROAS 89%

── 신규 광고 (오늘) ──
메타: 없음
GFA: 없음
─────────────────
발송 완료 → jmpark@oa-world.com
발송 완료 → kkeim@oa-world.com
[2026. 8. 29. AM 9:15:00] 우선순위 동기화 시작
  매출 조회 중... 7725행 (D-180~)  매출 조회 중... 15552행 (D-150~)  매출 조회 중... 23477행 (D-120~)  매출 조회 중... 31215행 (D-90~)  매출 조회 중... 39056행 (D-60~)  매출 조회 중... 47147행 (D-30~)
  → 품목 383개 · 일별 47147행 (180일)
  조회 중... 200행  조회 중... 319행
  → 작년 동기 데이터 319개 품목
  네이버 광고 조회 중... 0행 (D-180~)  네이버 광고 조회 중... 0행 (D-150~)  네이버 광고 조회 중... 0행 (D-120~)  네이버 광고 조회 중... 23082행 (D-90~)  네이버 광고 조회 중... 40256행 (D-60~)  네이버 광고 조회 중... 40256행 (D-30~)
  → 네이버 광고그룹 819개 중 490개 제품 매칭
  조회 중... 14행
  → payload 1492KB
✅ 동기화 완료
[2026. 8. 30. AM 9:17:29] 전제품 검색순위 동기화 시작
[2026. 8. 30. AM 9:17:29] 우선순위 동기화 시작
  조회 중... 2833행 (D-90~)  조회 중... 6273행 (D-83~)  조회 중... 9692행 (D-76~)  조회 중... 13041행 (D-69~)  매출 조회 중... 7728행 (D-180~)  조회 중... 16431행 (D-62~)  조회 중... 19779행 (D-55~)  조회 중... 23142행 (D-48~)  매출 조회 중... 15552행 (D-150~)  조회 중... 26599행 (D-41~)  조회 중... 29067행 (D-34~)  조회 중... 29067행 (D-27~)  조회 중... 29067행 (D-20~)  조회 중... 29067행 (D-13~)  조회 중... 29067행 (D-6~)
  → 키워드 529개 · 29067행 (90일)
  조회 중... 0행  → payload 518KB
❌ 오류: fetch failed
  매출 조회 중... 23469행 (D-120~)  매출 조회 중... 31214행 (D-90~)  매출 조회 중... 39060행 (D-60~)  매출 조회 중... 47083행 (D-30~)
  → 품목 383개 · 일별 47083행 (180일)
  조회 중... 200행  조회 중... 320행
  → 작년 동기 데이터 320개 품목
  네이버 광고 조회 중... 0행 (D-180~)  네이버 광고 조회 중... 0행 (D-150~)  네이버 광고 조회 중... 551행 (D-120~)  네이버 광고 조회 중... 23863행 (D-90~)  네이버 광고 조회 중... 40256행 (D-60~)  네이버 광고 조회 중... 40256행 (D-30~)
  → 네이버 광고그룹 819개 중 490개 제품 매칭
  조회 중... 14행
  → payload 1490KB
✅ 동기화 완료
발송: 미지정 6건
[2026. 8. 31. AM 7:00:00] 이미용 동기화 시작 (MCP 경유, 최근 30일)
MySQL(MCP) 조회 중...
  조회 중... 200건  조회 중... 400건  조회 중... 600건  조회 중... 800건  조회 중... 1000건  조회 중... 1200건  조회 중... 1400건  조회 중... 1600건  조회 중... 1800건  조회 중... 2000건  조회 중... 2200건  조회 중... 2400건  조회 중... 2600건  조회 중... 2800건  조회 중... 3000건  조회 중... 3200건  조회 중... 3400건  조회 중... 3600건  조회 중... 3800건  조회 중... 4000건  조회 중... 4200건  조회 중... 4400건  조회 중... 4600건  조회 중... 4800건  조회 중... 5000건  조회 중... 5200건  조회 중... 5400건  조회 중... 5600건  조회 중... 5800건  조회 중... 6000건  조회 중... 6200건  조회 중... 6400건  조회 중... 6600건  조회 중... 6800건  조회 중... 7000건  조회 중... 7200건  조회 중... 7400건  조회 중... 7600건  조회 중... 7800건  조회 중... 8000건  조회 중... 8200건  조회 중... 8400건  조회 중... 8600건  조회 중... 8800건  조회 중... 9000건  조회 중... 9200건  조회 중... 9400건  조회 중... 9600건  조회 중... 9800건  조회 중... 10000건  조회 중... 10200건  조회 중... 10400건  조회 중... 10600건  조회 중... 10800건  조회 중... 11000건  조회 중... 11200건  조회 중... 11400건  조회 중... 11600건  조회 중... 11800건  조회 중... 12000건  조회 중... 12200건  조회 중... 12400건  조회 중... 12600건  조회 중... 12800건  조회 중... 13000건  조회 중... 13200건  조회 중... 13400건  조회 중... 13600건  조회 중... 13800건  조회 중... 14000건  조회 중... 14200건  조회 중... 14400건  조회 중... 14600건  조회 중... 14800건  조회 중... 15000건  조회 중... 15200건  조회 중... 15400건  조회 중... 15600건  조회 중... 15800건  조회 중... 16000건  조회 중... 16142건
  → 16142건 조회됨
Supabase 업로드 중...
  ↑ 500/16142건 완료
  ↑ 1000/16142건 완료
  ↑ 1500/16142건 완료
  ↑ 2000/16142건 완료
  ↑ 2500/16142건 완료
  ↑ 3000/16142건 완료
  ↑ 3500/16142건 완료
  ↑ 4000/16142건 완료
  ↑ 4500/16142건 완료
❌ 오류: Supabase upsert 실패: {"code":"21000","details":null,"hint":"Ensure that no rows proposed for insertion within the same command have duplicate constrained values.","message":"ON CONFLICT DO UPDATE command cannot affect row a second time"}
쿠팡 파일 없음
지그재그 파일 없음
경고: 쿠팡: 파일 없음; 지그재그: 파일 없음
업서트 대상: 0행 (2026-07-27 ~ 2026-08-31)
[2026. 8. 31. AM 9:05:00] 랭킹 실판매 동기화 시작
  조회 중... 10행
  → 10행 조회
✅ 동기화 완료
[2026. 8. 31. AM 9:10:00] 전제품 검색순위 동기화 시작
  조회 중... 3306행 (D-90~)[2026. 8. 31. AM 9:15:00] 우선순위 동기화 시작
  조회 중... 6745행 (D-83~)  조회 중... 10159행 (D-76~)  조회 중... 13503행 (D-69~)발송 완료 (썸네일 5장):
📋 8/31(월) 아침 브리핑

📉 이미용 매출 급락 — 어제 1,265만원 (7일 평균 2,878만원, -56%)

🎨 소재 검토 5건 (평균 CTR 1.53%)
1. 소닉플로우_이민정 소구 1
   ㄴ 7일 23만원 · CTR 0.62%
   ㄴ 재제작: oa-dashboard2.vercel.app/?recreate=%EC%86%8C%EB%8B%89%ED%94%8C%EB%A1%9C%EC%9A%B0_%EC%9D%B4%EB%AF%BC%EC%A0%95%20%EC%86%8C%EA%B5%AC%201
2. [행사X]에어리소닉_영상1
   ㄴ 7일 23만원 · CTR 0.45%
   ㄴ 재제작: oa-dashboard2.vercel.app/?recreate=%5B%ED%96%89%EC%82%ACX%5D%EC%97%90%EC%96%B4%EB%A6%AC%EC%86%8C%EB%8B%89_%EC%98%81%EC%83%811
3. 클린이워터B_실제후기
   ㄴ 7일 14만원 · CTR 0.59%
   ㄴ 재제작: oa-dashboard2.vercel.app/?recreate=%ED%81%B4%EB%A6%B0%EC%9D%B4%EC%9B%8C%ED%84%B0B_%EC%8B%A4%EC%A0%9C%ED%9B%84%EA%B8%B0
4. 소닉플로우_이민정 소구 3
   ㄴ 7일 13만원 · CTR 0.56%
   ㄴ 재제작: oa-dashboard2.vercel.app/?recreate=%EC%86%8C%EB%8B%89%ED%94%8C%EB%A1%9C%EC%9A%B0_%EC%9D%B4%EB%AF%BC%EC%A0%95%20%EC%86%8C%EA%B5%AC%203
5. [행사X]에어리소닉_워터파크
   ㄴ 7일 11만원 · CTR 0.70%
   ㄴ 재제작: oa-dashboard2.vercel.app/?recreate=%5B%ED%96%89%EC%82%ACX%5D%EC%97%90%EC%96%B4%EB%A6%AC%EC%86%8C%EB%8B%89_%EC%9B%8C%ED%84%B0%ED%8C%8C%ED%81%AC

🎯 오늘의 가설 6건
1. 오아에어리스마트-화이트
   ㄴ 원인분석 · 담당 미지정❗
2. 오아에어리소닉드라이기-베이지
   ㄴ 원인분석 · 담당 미지정❗
3. 오아오토고데기40mm-퍼플
   ㄴ 원인분석 · 담당 미지정❗
4. 오아에어리소닉드라이기-화이트
   ㄴ 마케팅액션 · 담당 미지정❗
5. 오아소닉플로우-핑크
   ㄴ 마케팅액션 · 담당 미지정❗
6. 오아뿌리볼륨고데기-블랙
   ㄴ 마케팅액션 · 담당 미지정❗

⚠️ 확인: 메타광고 데이터 누락

🏆 지난주 실행률: 미지정 0/42

👉 oa-dashboard2.vercel.app
  조회 중... 16897행 (D-62~)  매출 조회 중... 7724행 (D-180~)스마트스토어 동기화 실패: 토큰 실패: {"code":"GW.IP_NOT_ALLOWED","message":"호출이 허용되지 않은 IP입니다.","timestamp":"2026-08-31T09:25:00.407+09:00","traceId":"AaAZEoWbeNGtRA_qeEJ7EQ^1787127038484^75736449"}
조회 기간: 2026-08-01 ~ 2026-08-30
  page 1/4 — 누적 100행
  page 2/4 — 누적 200행
  page 3/4 — 누적 300행
  page 4/4 — 누적 329행
  활성 page 1/1 — 누적 51행
활성 판정 — 송출 중 45개 · 꺼짐 284개
소재 329행 · 총비용 35,823,718원 · 구매완료 1890 · 전환매출 68,359,760원 · ROAS 191%
업로드 완료 — 329행, targetRoas 300% 유지
대시보드 GFA 탭 새로고침하면 반영됩니다
시트 마지막 날짜: 2026-08-27
메타 인사이트 조회: 2026-08-24 ~ 2026-08-30
336행 (7일: 2026-08-24 ~ 2026-08-30)
웹앱 응답: {'ok': True, 'removed': 215, 'added': 336, 'total': 20014}
완료 — 대시보드 메타 탭 새로고침하면 반영됩니다
📣 아침 광고 브리핑 (가중구매=클릭+뷰×0.3)

━━ 📈 메타 (어제)
합계 ₩573,600 · 클릭구매 16 (+뷰 63) · ROAS 6.0 · 가중CPA ₩16,436
· 부스터팀_뷰티가전_전환: ₩295,394 · 구매 13+뷰61 · ROAS 10.9
· 부스터팀_구강가전_전환: ₩179,739 · 구매 3+뷰2 · ROAS 1.2
· 부스터팀_뷰티가전_트래픽: ₩56,149 · 구매 0+뷰0 · ROAS 0.0 ⚠️점검
· 욕실팀_클린이스쿨_트래픽: ₩42,318 · 구매 0+뷰0 · ROAS 0.0 ⚠️점검

━━ 📣 메타 룰 판정 (7일)

⬆️ 증액 추천 1건
· [부스터팀_뷰티가전_전환] [전환]260311_소닉플로우_광고소재변경해야함
  7일 가중CPA ₩8,696 (클릭 40+뷰 75/₩543,480) → 예산 ₩80,000→₩100,000 (+25%)

⛔ 중지 추천 7건
· [부스터팀_구강가전_전환] 클린이워터B_전환
  7일 ₩495,502 지출, CPA ₩62,722 → OFF 권고
· [부스터팀_구강가전_전환] 클린이스윙P_전환
  7일 ₩423,012 지출, CPA ₩82,944 → OFF 권고
· [부스터팀_구강가전_전환] [행사O]클린이스윙P_전환
  7일 ₩207,845 지출, CPA ₩49,487 → OFF 권고
· [부스터팀_구강가전_전환] [행사X]클린이워터B+거치대_전환
  7일 ₩278,788 지출, CPA ₩67,997 → OFF 권고
· [부스터팀_뷰티가전_전환] [전환]260701_소닉플로우_이민정 머릿결
  7일 ₩415,865 지출, CPA ₩83,173 → OFF 권고
· [부스터팀_뷰티가전_전환] [전환]new소닉플로우_육아 재활용
  7일 ₩386,195 지출, CPA ₩39,814 → OFF 권고
· [부스터팀_뷰티가전_전환] [전환260324_프리온_인플영상
  7일 ₩239,610 지출, CPA ₩39,935 → OFF 권고

(트래픽 목표 세트 18개는 CPA 룰 제외)

━━ 🛒 네이버 검색광고 (어제)
합계 ₩2,432,782 · 전환 717 · ROAS 17.6
· 상품형_욕실: ₩603,386 · 전환 178 · ROAS 17.9
· 상품형_이미용: ₩441,249 · 전환 170 · ROAS 25.0
· 상품형_인테리어: ₩319,579 · 전환 68 · ROAS 14.7
· 상품형_모바일: ₩262,493 · 전환 60 · ROAS 8.8
· 상품형_건강: ₩197,679 · 전환 42 · ROAS 15.7
· 상품형_계절가전: ₩121,786 · 전환 24 · ROAS 10.5

━━ 🚀 AD부스터 (7일)
AD부스터/ADVoost 합계 ₩6,552,476 · 전환 1233 · ROAS 11.4 (2026.08.24~2026.08.30)
· [k2ci00] 아이스볼트맥스, 아이스볼트미스트: ₩956,604 · ROAS 5.1
· [오아운영] 건강가전팀: ₩920,481 · ROAS 11.6
· [오아운영] 이미용: ₩913,426 · ROAS 28.7
· [k2ci00] 넥밴드선풍기: ₩662,808 · ROAS 3.0
· [오아운영] 모바일: ₩627,299 · ROAS 7.7
· [오아운영] 욕실가전: ₩616,704 · ROAS 20.0
· [k2ci00] 탁상용선풍기: ₩494,083 · ROAS 12.0
· [k2ci00] 아이스볼트폴드: ₩483,260 · ROAS 5.3
🚨 낭비 의심 2건 (7일 10만↑·ROAS<1):
· [오아운영] 트래픽_이지C_동영상조회: ₩209,164 · ROAS 0.9
· [오아운영] PC_트래픽_지문텀블러: ₩157,643 · ROAS 0.8

━━ 📊 GFA (어제)
합계 ₩303,470 · 구매 13 · ROAS 2.5
· 드라이기_전환: ₩205,937 · ROAS 2.5
· 드라이기_맞춤타겟: ₩97,533 · ROAS 2.5
· 구강가전_전환: ₩0 · ROAS 0.0
· 오아데이_티저: ₩0 · ROAS 0.0
· 오아데이_전환: ₩0 · ROAS 0.0
→ 텔레그램 발송 완료
발송: 미지정 6건
──── 미리보기 ────
📊 부스터즈 주간 광고 리포트 (8/24~8/30)
총 광고비 817.8만원

── 메타 전환 ──
422.7만원  (평소 -7%)
클릭 8,072 · 랜딩 55% · CPC 524원

── 메타 트래픽 ──
82.8만원  (평소 -24%)
클릭 6,309 · 랜딩 86% · CPC 131원

── GFA ──
312.3만원  (평소 -12%)
클릭 4,842 · 구매 82건 · 구매당 3.8만원 · ROAS 143%

── GFA 캠페인 TOP3 ──
1. 드라이기_전환  141.7만원 · ROAS 109%
2. 구강가전_전환  102.2만원 · ROAS 40%
3. 드라이기_맞춤타겟  68.4만원 · ROAS 210%

── 신규 광고 (최근 7일) ──
메타: oa_gfa_스토리 1080x1920 (11), oa_gfa_스토리 1080x1920 (4), oa_gfa_스토리 1080x1920 (8), oa_gfa_스토리 1080x1920 (10) 외 37개
GFA: 없음
─────────────────
발송 완료 → jmpark@oa-world.com
발송 완료 → kkeim@oa-world.com
[2026. 9. 1. AM 7:00:01] 이미용 동기화 시작 (MCP 경유, 최근 30일)
MySQL(MCP) 조회 중...
  조회 중... 200건  조회 중... 400건  조회 중... 600건  조회 중... 800건  조회 중... 1000건  조회 중... 1200건  조회 중... 1400건  조회 중... 1600건  조회 중... 1800건  조회 중... 2000건  조회 중... 2200건  조회 중... 2400건  조회 중... 2600건  조회 중... 2800건  조회 중... 3000건  조회 중... 3200건  조회 중... 3400건  조회 중... 3600건  조회 중... 3800건  조회 중... 4000건  조회 중... 4200건  조회 중... 4400건  조회 중... 4600건  조회 중... 4800건  조회 중... 5000건  조회 중... 5200건  조회 중... 5400건  조회 중... 5600건  조회 중... 5800건  조회 중... 6000건  조회 중... 6200건  조회 중... 6400건  조회 중... 6600건  조회 중... 6800건  조회 중... 7000건  조회 중... 7200건  조회 중... 7400건  조회 중... 7600건  조회 중... 7800건  조회 중... 8000건  조회 중... 8200건  조회 중... 8400건  조회 중... 8600건  조회 중... 8800건  조회 중... 9000건  조회 중... 9200건  조회 중... 9400건  조회 중... 9600건  조회 중... 9800건  조회 중... 10000건  조회 중... 10200건  조회 중... 10400건  조회 중... 10600건  조회 중... 10800건  조회 중... 11000건  조회 중... 11200건  조회 중... 11400건  조회 중... 11600건  조회 중... 11800건  조회 중... 12000건  조회 중... 12200건  조회 중... 12400건  조회 중... 12600건  조회 중... 12800건  조회 중... 13000건  조회 중... 13200건  조회 중... 13400건  조회 중... 13600건  조회 중... 13800건  조회 중... 14000건  조회 중... 14200건  조회 중... 14400건  조회 중... 14600건  조회 중... 14800건  조회 중... 15000건  조회 중... 15200건  조회 중... 15400건  조회 중... 15600건  조회 중... 15800건  조회 중... 16000건  조회 중... 16200건  조회 중... 16400건  조회 중... 16445건
  → 16445건 조회됨
Supabase 업로드 중...
  ↑ 500/16445건 완료
  ↑ 1000/16445건 완료
  ↑ 1500/16445건 완료
  ↑ 2000/16445건 완료
  ↑ 2500/16445건 완료
  ↑ 3000/16445건 완료
  ↑ 3500/16445건 완료
❌ 오류: Supabase upsert 실패: {"code":"21000","details":null,"hint":"Ensure that no rows proposed for insertion within the same command have duplicate constrained values.","message":"ON CONFLICT DO UPDATE command cannot affect row a second time"}
쿠팡 파일 없음
지그재그 파일 없음
경고: 쿠팡: 파일 없음; 지그재그: 파일 없음
업서트 대상: 0행 (2026-07-28 ~ 2026-09-01)
[2026. 9. 1. AM 9:05:01] 랭킹 실판매 동기화 시작
  조회 중... 10행
  → 10행 조회
✅ 동기화 완료
[2026. 9. 1. AM 9:15:10] 전제품 검색순위 동기화 시작
[2026. 9. 1. AM 9:15:10] 우선순위 동기화 시작
  조회 중... 3310행 (D-90~)발송 완료 (썸네일 5장):
📋 9/1(화) 아침 브리핑

🎨 소재 검토 6건 (평균 CTR 1.52%)
1. [행사X]에어리소닉_영상1
   ㄴ 7일 35만원 · CTR 0.50%
   ㄴ 재제작: oa-dashboard2.vercel.app/?recreate=%5B%ED%96%89%EC%82%ACX%5D%EC%97%90%EC%96%B4%EB%A6%AC%EC%86%8C%EB%8B%89_%EC%98%81%EC%83%811
2. 클린이워터B_실제후기
   ㄴ 7일 21만원 · CTR 0.73%
   ㄴ 재제작: oa-dashboard2.vercel.app/?recreate=%ED%81%B4%EB%A6%B0%EC%9D%B4%EC%9B%8C%ED%84%B0B_%EC%8B%A4%EC%A0%9C%ED%9B%84%EA%B8%B0
3. 소닉플로우_이민정 소구 1
   ㄴ 7일 21만원 · CTR 0.66%
   ㄴ 재제작: oa-dashboard2.vercel.app/?recreate=%EC%86%8C%EB%8B%89%ED%94%8C%EB%A1%9C%EC%9A%B0_%EC%9D%B4%EB%AF%BC%EC%A0%95%20%EC%86%8C%EA%B5%AC%201
4. [행사X]에어리소닉_워터파크
   ㄴ 7일 21만원 · CTR 0.60%
   ㄴ 재제작: oa-dashboard2.vercel.app/?recreate=%5B%ED%96%89%EC%82%ACX%5D%EC%97%90%EC%96%B4%EB%A6%AC%EC%86%8C%EB%8B%89_%EC%9B%8C%ED%84%B0%ED%8C%8C%ED%81%AC
5. 클린이워터B_욕실버블
   ㄴ 7일 11만원 · CTR 0.74%
   ㄴ 재제작: oa-dashboard2.vercel.app/?recreate=%ED%81%B4%EB%A6%B0%EC%9D%B4%EC%9B%8C%ED%84%B0B_%EC%9A%95%EC%8B%A4%EB%B2%84%EB%B8%94

🎯 오늘의 가설 6건
1. 오아에어리스마트-화이트
   ㄴ 원인분석 · 담당 미지정❗
2. 오아소닉플로우-핑크
   ㄴ 원인분석 · 담당 미지정❗
3. 오아에어리소닉드라이기-베이지
   ㄴ 원인분석 · 담당 미지정❗
4. 오아오토고데기40mm-퍼플
   ㄴ 마케팅액션 · 담당 미지정❗
5. 오아에어리소닉드라이기-베이지
   ㄴ 마케팅액션 · 담당 미지정❗
6. 오아뿌리볼륨고데기-블랙
   ㄴ 마케팅액션 · 담당 미지정❗

⚠️ 확인: 메타광고 데이터 누락

👉 oa-dashboard2.vercel.app
  조회 중... 6748행 (D-83~)스마트스토어 동기화 실패: 토큰 실패: {"code":"GW.IP_NOT_ALLOWED","message":"호출이 허용되지 않은 IP입니다.","timestamp":"2026-09-01T09:25:00.880+09:00","traceId":"AaAYlkBsfUaXMAWmvWamgw^1787118894419^84221630"}
  매출 조회 중... 7719행 (D-180~)조회 기간: 2026-08-02 ~ 2026-08-31
  page 1/4 — 누적 100행
  page 2/4 — 누적 200행
  page 3/4 — 누적 300행
  page 4/4 — 누적 328행
  활성 page 1/1 — 누적 46행
활성 판정 — 송출 중 37개 · 꺼짐 291개
소재 328행 · 총비용 35,375,623원 · 구매완료 1891 · 전환매출 68,348,560원 · ROAS 193%
업로드 완료 — 328행, targetRoas 300% 유지
대시보드 GFA 탭 새로고침하면 반영됩니다
  조회 중... 10153행 (D-76~)  조회 중... 13496행 (D-69~)시트 마지막 날짜: 2026-08-30
메타 인사이트 조회: 2026-08-25 ~ 2026-08-31
318행 (7일: 2026-08-25 ~ 2026-08-31)
웹앱 응답: {'ok': True, 'removed': 281, 'added': 318, 'total': 20051}
완료 — 대시보드 메타 탭 새로고침하면 반영됩니다
  조회 중... 16897행 (D-62~)  매출 조회 중... 15520행 (D-150~)📣 아침 광고 브리핑 (가중구매=클릭+뷰×0.3)

━━ 📈 메타 (어제)
합계 ₩668,445 · 클릭구매 9 (+뷰 60) · ROAS 4.5 · 가중CPA ₩24,757
· 부스터팀_뷰티가전_전환: ₩361,172 · 구매 3+뷰54 · ROAS 6.7
· 부스터팀_구강가전_전환: ₩217,121 · 구매 3+뷰6 · ROAS 1.8
· 부스터팀_뷰티가전_트래픽: ₩45,824 · 구매 1+뷰0 · ROAS 1.5
· 욕실팀_클린이스쿨_트래픽: ₩44,328 · 구매 2+뷰0 · ROAS 2.5

━━ 📣 메타 룰 판정 (7일)

⬆️ 증액 추천 1건
· [부스터팀_뷰티가전_전환] [전환]260311_소닉플로우_광고소재변경해야함
  7일 가중CPA ₩9,398 (클릭 38+뷰 68/₩548,822) → 예산 ₩80,000→₩100,000 (+25%)

⛔ 중지 추천 6건
· [부스터팀_구강가전_전환] 클린이워터B_전환
  7일 ₩496,930 지출, CPA ₩45,590 → OFF 권고
· [부스터팀_구강가전_전환] 클린이스윙P_전환
  7일 ₩425,826 지출, CPA ₩70,971 → OFF 권고
· [부스터팀_구강가전_전환] [행사O]클린이스윙P_전환
  7일 ₩206,662 지출, CPA ₩71,263 → OFF 권고
· [부스터팀_구강가전_전환] [행사X]클린이워터B+거치대_전환
  7일 ₩269,196 지출, CPA ₩57,276 → OFF 권고
· [부스터팀_뷰티가전_전환] [전환]260701_소닉플로우_이민정 머릿결
  7일 ₩317,309 지출, CPA ₩90,660 → OFF 권고
· [부스터팀_뷰티가전_전환] [전환260324_프리온_인플영상
  7일 ₩195,977 지출, CPA ₩44,540 → OFF 권고

(트래픽 목표 세트 19개는 CPA 룰 제외)

━━ 🛒 네이버 검색광고 (어제)
합계 ₩2,344,298 · 전환 700 · ROAS 17.0
· 상품형_욕실: ₩732,464 · 전환 188 · ROAS 14.7
· 상품형_이미용: ₩399,730 · 전환 139 · ROAS 22.4
· 상품형_모바일: ₩235,448 · 전환 55 · ROAS 8.9
· 상품형_건강: ₩187,738 · 전환 38 · ROAS 11.6
· 상품형_인테리어: ₩186,785 · 전환 64 · ROAS 19.7
· 상품형_계절가전: ₩155,096 · 전환 26 · ROAS 8.2

━━ 🚀 AD부스터 (7일)
AD부스터/ADVoost 합계 ₩3,182,031 · 전환 347 · ROAS 5.7 (2026.08.25~2026.08.31)
· [k2ci00] 아이스볼트맥스, 아이스볼트미스트: ₩968,758 · ROAS 5.0
· [k2ci00] 넥밴드선풍기: ₩663,812 · ROAS 2.8 ⚠️점검
· [k2ci00] 아이스볼트폴드: ₩495,247 · ROAS 5.0
· [k2ci00] 탁상용선풍기: ₩487,851 · ROAS 11.5
· [k2ci00] 일반핸디팬: ₩352,168 · ROAS 4.9
· [k2ci00] 건형핸디팬: ₩214,195 · ROAS 7.6

━━ 📊 GFA (어제)
합계 ₩391,103 · 구매 10 · ROAS 1.2
· 드라이기_전환: ₩199,335 · ROAS 1.4
· 드라이기_맞춤타겟: ₩96,712 · ROAS 1.2
· 구강가전_맞춤타겟: ₩95,056 · ROAS 0.0 ⚠️점검
· 오아데이_티저: ₩0 · ROAS 0.0
· 오아데이_전환: ₩0 · ROAS 0.0
→ 텔레그램 발송 완료
  조회 중... 20253행 (D-55~)  조회 중... 23619행 (D-48~)  조회 중... 27080행 (D-41~)  매출 조회 중... 23476행 (D-120~)  조회 중... 28564행 (D-34~)  조회 중... 28564행 (D-27~)  조회 중... 28564행 (D-20~)  조회 중... 28564행 (D-13~)  조회 중... 28564행 (D-6~)
  → 키워드 529개 · 28564행 (90일)
  조회 중... 0행  → payload 509KB
✅ 동기화 완료
❌ 오류: fetch failed
발송: 미지정 6건
──── 미리보기 ────
📊 부스터즈 광고 리포트 (8/31 월)
총 광고비 101.5만원

── 메타 전환 ──
57.8만원  (평소 -4%)
클릭 788 · 랜딩 61% · CPC 734원

── 메타 트래픽 ──
4.6만원  (평소 -61%)
클릭 252 · 랜딩 94% · CPC 182원

── GFA ──
39.1만원  (평소 -12%)
클릭 691 · 구매 10건 · 구매당 3.9만원 · ROAS 124%

── GFA 캠페인 TOP3 ──
1. 드라이기_전환  19.9만원 · ROAS 142%
2. 드라이기_맞춤타겟  9.7만원 · ROAS 121%
3. 구강가전_맞춤타겟  9.5만원 · ROAS 0%

── 신규 광고 (오늘) ──
메타: 없음
GFA: 없음
─────────────────
발송 완료 → jmpark@oa-world.com
발송 완료 → kkeim@oa-world.com
[2026. 9. 2. AM 7:00:00] 이미용 동기화 시작 (MCP 경유, 최근 30일)
MySQL(MCP) 조회 중...
  조회 중... 200건  조회 중... 400건  조회 중... 600건  조회 중... 800건  조회 중... 1000건  조회 중... 1200건  조회 중... 1400건  조회 중... 1600건  조회 중... 1800건  조회 중... 2000건  조회 중... 2200건  조회 중... 2400건  조회 중... 2600건  조회 중... 2800건  조회 중... 3000건  조회 중... 3200건  조회 중... 3400건  조회 중... 3600건  조회 중... 3800건  조회 중... 4000건  조회 중... 4200건  조회 중... 4400건  조회 중... 4600건  조회 중... 4800건  조회 중... 5000건  조회 중... 5200건  조회 중... 5400건  조회 중... 5600건  조회 중... 5800건  조회 중... 6000건  조회 중... 6200건  조회 중... 6400건  조회 중... 6600건  조회 중... 6800건  조회 중... 7000건  조회 중... 7200건  조회 중... 7400건  조회 중... 7600건  조회 중... 7800건  조회 중... 8000건  조회 중... 8200건  조회 중... 8400건  조회 중... 8600건  조회 중... 8800건  조회 중... 9000건  조회 중... 9200건  조회 중... 9400건  조회 중... 9600건  조회 중... 9800건  조회 중... 10000건  조회 중... 10200건  조회 중... 10400건  조회 중... 10600건  조회 중... 10800건  조회 중... 11000건  조회 중... 11200건  조회 중... 11400건  조회 중... 11600건  조회 중... 11800건  조회 중... 12000건  조회 중... 12200건  조회 중... 12400건  조회 중... 12600건  조회 중... 12800건  조회 중... 13000건  조회 중... 13200건  조회 중... 13400건  조회 중... 13600건  조회 중... 13800건  조회 중... 14000건  조회 중... 14200건  조회 중... 14400건  조회 중... 14600건  조회 중... 14800건  조회 중... 15000건  조회 중... 15200건  조회 중... 15400건  조회 중... 15600건  조회 중... 15800건  조회 중... 16000건  조회 중... 16200건  조회 중... 16400건  조회 중... 16600건  조회 중... 16734건
  → 16734건 조회됨
Supabase 업로드 중...
  ↑ 500/16734건 완료
  ↑ 1000/16734건 완료
  ↑ 1500/16734건 완료
  ↑ 2000/16734건 완료
  ↑ 2500/16734건 완료
  ↑ 3000/16734건 완료
  ↑ 3500/16734건 완료
  ↑ 4000/16734건 완료
  ↑ 4500/16734건 완료
  ↑ 5000/16734건 완료
  ↑ 5500/16734건 완료
  ↑ 6000/16734건 완료
  ↑ 6500/16734건 완료
  ↑ 7000/16734건 완료
  ↑ 7500/16734건 완료
  ↑ 8000/16734건 완료
  ↑ 8500/16734건 완료
  ↑ 9000/16734건 완료
  ↑ 9500/16734건 완료
  ↑ 10000/16734건 완료
  ↑ 10500/16734건 완료
  ↑ 11000/16734건 완료
  ↑ 11500/16734건 완료
  ↑ 12000/16734건 완료
  ↑ 12500/16734건 완료
  ↑ 13000/16734건 완료
  ↑ 13500/16734건 완료
  ↑ 14000/16734건 완료
  ↑ 14500/16734건 완료
  ↑ 15000/16734건 완료
  ↑ 15500/16734건 완료
  ↑ 16000/16734건 완료
  ↑ 16500/16734건 완료
  ↑ 16734/16734건 완료
✅ 동기화 완료!
쿠팡 파일 없음
지그재그 파일 없음
경고: 쿠팡: 파일 없음; 지그재그: 파일 없음
업서트 대상: 0행 (2026-07-29 ~ 2026-09-02)
[2026. 9. 2. AM 9:05:00] 랭킹 실판매 동기화 시작
  조회 중... 10행
  → 10행 조회
✅ 동기화 완료
[2026. 9. 2. AM 9:10:00] 전제품 검색순위 동기화 시작
  조회 중... 3319행 (D-90~)[2026. 9. 2. AM 9:15:00] 우선순위 동기화 시작
  조회 중... 6753행 (D-83~)발송 완료 (썸네일 4장):
📋 9/2(수) 아침 브리핑

📈 이미용 매출 급등 — 어제 15,986만원 (7일 평균 2,443만원, +554%)

🎨 소재 검토 4건 (평균 CTR 1.45%)
1. [행사X]에어리소닉_영상1
   ㄴ 7일 40만원 · CTR 0.50%
   ㄴ 재제작: oa-dashboard2.vercel.app/?recreate=%5B%ED%96%89%EC%82%ACX%5D%EC%97%90%EC%96%B4%EB%A6%AC%EC%86%8C%EB%8B%89_%EC%98%81%EC%83%811
2. [행사X]에어리소닉_워터파크
   ㄴ 7일 22만원 · CTR 0.57%
   ㄴ 재제작: oa-dashboard2.vercel.app/?recreate=%5B%ED%96%89%EC%82%ACX%5D%EC%97%90%EC%96%B4%EB%A6%AC%EC%86%8C%EB%8B%89_%EC%9B%8C%ED%84%B0%ED%8C%8C%ED%81%AC
3. 소닉플로우_이민정 소구 1
   ㄴ 7일 15만원 · CTR 0.67%
   ㄴ 재제작: oa-dashboard2.vercel.app/?recreate=%EC%86%8C%EB%8B%89%ED%94%8C%EB%A1%9C%EC%9A%B0_%EC%9D%B4%EB%AF%BC%EC%A0%95%20%EC%86%8C%EA%B5%AC%201
4. 클린이워터B+거치대세트_교정2
   ㄴ 7일 10만원 · CTR 0.70%
   ㄴ 재제작: oa-dashboard2.vercel.app/?recreate=%ED%81%B4%EB%A6%B0%EC%9D%B4%EC%9B%8C%ED%84%B0B%2B%EA%B1%B0%EC%B9%98%EB%8C%80%EC%84%B8%ED%8A%B8_%EA%B5%90%EC%A0%952

🎯 오늘의 가설 6건
1. 오아무선판고데기-포그밀크-리테일
   ㄴ 원인분석 · 담당 미지정❗
2. 오아뿌리볼륨고데기-블랙
   ㄴ 원인분석 · 담당 미지정❗
3. 오아소닉플로우-핑크
   ㄴ 원인분석 · 담당 미지정❗
4. 오아에어리라이트-화이트-리테일
   ㄴ 마케팅액션 · 담당 미지정❗
5. 오아소닉플로우(전색상)
   ㄴ 마케팅액션 · 담당 미지정❗
6. 오아베이직판고데기-퍼플
   ㄴ 마케팅액션 · 담당 미지정❗

⚠️ 확인: 메타광고 데이터 누락

👉 oa-dashboard2.vercel.app
  조회 중... 10084행 (D-76~)스마트스토어 동기화 실패: 토큰 실패: {"code":"GW.IP_NOT_ALLOWED","message":"호출이 허용되지 않은 IP입니다.","timestamp":"2026-09-02T09:25:00.873+09:00","traceId":"AaAZEmlHcaGbQmHrChZnwQ^1787127031408^91283267"}
  매출 조회 중... 7704행 (D-180~)  조회 중... 13490행 (D-69~)조회 기간: 2026-08-03 ~ 2026-09-01
  page 1/4 — 누적 100행
  page 2/4 — 누적 200행
  page 3/4 — 누적 300행
  page 4/4 — 누적 328행
  활성 page 1/1 — 누적 51행
활성 판정 — 송출 중 45개 · 꺼짐 283개
소재 328행 · 총비용 34,901,340원 · 구매완료 1893 · 전환매출 68,600,360원 · ROAS 197%
업로드 완료 — 328행, targetRoas 300% 유지
대시보드 GFA 탭 새로고침하면 반영됩니다
  조회 중... 16899행 (D-62~)시트 마지막 날짜: 2026-08-31
메타 인사이트 조회: 2026-08-26 ~ 2026-09-01
340행 (7일: 2026-08-26 ~ 2026-09-01)
웹앱 응답: {'ok': True, 'removed': 260, 'added': 340, 'total': 20131}
완료 — 대시보드 메타 탭 새로고침하면 반영됩니다
📣 아침 광고 브리핑 (가중구매=클릭+뷰×0.3)

━━ 📈 메타 (어제)
합계 ₩1,639,628 · 클릭구매 17 (+뷰 82) · ROAS 2.7 · 가중CPA ₩39,414
· 부스터팀_구강가전_전환: ₩1,068,233 · 구매 5+뷰13 · ROAS 0.7 ⚠️점검
· 부스터팀_뷰티가전_전환: ₩400,111 · 구매 11+뷰69 · ROAS 9.0
· 부스터팀_구강가전_트래픽: ₩77,365 · 구매 0+뷰0 · ROAS 0.0 ⚠️점검
· 욕실팀_클린이스쿨_트래픽: ₩53,185 · 구매 0+뷰0 · ROAS 0.0 ⚠️점검
· 부스터팀_뷰티가전_트래픽: ₩40,734 · 구매 1+뷰0 · ROAS 1.5

━━ 📣 메타 룰 판정 (7일)

⛔ 중지 추천 6건
· [부스터팀_구강가전_전환] [추석]클린이스윙P+미세모 증정_전환 5
  7일 ₩143,019 지출, CPA ₩31,091 → OFF 권고
· [부스터팀_구강가전_전환] [추석]클린이스윙P+미세모 증정_전환 4
  7일 ₩141,208 지출, 구매 0 → OFF 권고
· [부스터팀_구강가전_전환] 클린이워터B_전환
  7일 ₩479,561 지출, CPA ₩40,641 → OFF 권고
· [부스터팀_구강가전_전환] 클린이스윙P_전환
  7일 ₩418,362 지출, CPA ₩72,131 → OFF 권고
· [부스터팀_구강가전_전환] [행사X]클린이워터B+거치대_전환
  7일 ₩271,541 지출, CPA ₩71,458 → OFF 권고
· [부스터팀_뷰티가전_전환] [전환260324_프리온_인플영상
  7일 ₩139,470 지출, CPA ₩36,703 → OFF 권고

(트래픽 목표 세트 19개는 CPA 룰 제외)

━━ 🛒 네이버 검색광고 (어제)
합계 ₩2,344,524 · 전환 758 · ROAS 19.9
· 상품형_욕실: ₩676,738 · 전환 188 · ROAS 17.7
· 상품형_이미용: ₩418,285 · 전환 173 · ROAS 29.1
· 상품형_건강: ₩230,166 · 전환 46 · ROAS 14.1
· 상품형_인테리어: ₩208,323 · 전환 59 · ROAS 14.6
· 상품형_모바일: ₩196,009 · 전환 56 · ROAS 9.4
· 상품형_계절가전: ₩124,173 · 전환 27 · ROAS 9.9

━━ 🚀 AD부스터 (7일)
AD부스터/ADVoost 합계 ₩6,639,322 · 전환 1304 · ROAS 11.5 (2026.08.26~2026.09.01)
· [k2ci00] 아이스볼트맥스, 아이스볼트미스트: ₩968,866 · ROAS 5.2
· [오아운영] 건강가전팀: ₩912,941 · ROAS 11.2
· [오아운영] 이미용: ₩911,956 · ROAS 30.6
· [오아운영] 욕실가전: ₩698,136 · ROAS 22.2
· [k2ci00] 넥밴드선풍기: ₩668,821 · ROAS 2.3 ⚠️점검
· [오아운영] 모바일: ₩617,025 · ROAS 8.5
· [k2ci00] 아이스볼트폴드: ₩490,284 · ROAS 4.9
· [k2ci00] 탁상용선풍기: ₩489,994 · ROAS 8.5
🚨 낭비 의심 2건 (7일 10만↑·ROAS<1):
· [오아운영] 트래픽_이지C_동영상조회: ₩296,267 · ROAS 0.6
· [오아운영] PC_트래픽_지문텀블러: ₩210,512 · ROAS 0.6

━━ 📊 GFA (어제)
합계 ₩392,649 · 구매 12 · ROAS 1.7
· 드라이기_전환: ₩202,447 · ROAS 1.6
· 드라이기_맞춤타겟: ₩97,767 · ROAS 2.2
· 구강가전_맞춤타겟: ₩92,435 · ROAS 0.0 ⚠️점검
· 구강가전_전환: ₩0 · ROAS 0.0
· 오아데이_전환: ₩0 · ROAS 0.0

━━ 📅 시즌
⏰ 10월 연휴 D-30 — 소재 준비: 휴대 소구
→ 텔레그램 발송 완료
  조회 중... 20178행 (D-55~)  매출 조회 중... 15543행 (D-150~)  조회 중... 23626행 (D-48~)  조회 중... 27085행 (D-41~)  조회 중... 28077행 (D-34~)  조회 중... 28077행 (D-27~)  조회 중... 28077행 (D-20~)  조회 중... 28077행 (D-13~)  조회 중... 28077행 (D-6~)
  → 키워드 529개 · 28077행 (90일)
  조회 중... 0행  → payload 501KB
✅ 동기화 완료
  매출 조회 중... 23480행 (D-120~)  매출 조회 중... 31232행 (D-90~)  매출 조회 중... 39029행 (D-60~)  매출 조회 중... 47129행 (D-30~)
  → 품목 386개 · 일별 47129행 (180일)
  조회 중... 200행  조회 중... 320행
  → 작년 동기 데이터 320개 품목
  네이버 광고 조회 중... 0행 (D-180~)  네이버 광고 조회 중... 0행 (D-150~)  네이버 광고 조회 중... 2876행 (D-120~)  네이버 광고 조회 중... 26197행 (D-90~)  네이버 광고 조회 중... 40256행 (D-60~)  네이버 광고 조회 중... 40256행 (D-30~)
  → 네이버 광고그룹 819개 중 490개 제품 매칭
  조회 중... 7행
  → payload 1491KB
✅ 동기화 완료
발송: 미지정 6건
──── 미리보기 ────
📊 부스터즈 광고 리포트 (9/1 화)
총 광고비 197.9만원

── 메타 전환 ──
146.8만원  (평소 +150%)
클릭 1,613 · 랜딩 57% · CPC 910원

── 메타 트래픽 ──
11.8만원  (평소 +13%)
클릭 482 · 랜딩 90% · CPC 245원

── GFA ──
39.3만원  (평소 -8%)
클릭 747 · 구매 12건 · 구매당 3.3만원 · ROAS 167%

── GFA 캠페인 TOP3 ──
1. 드라이기_전환  20.2만원 · ROAS 162%
2. 드라이기_맞춤타겟  9.8만원 · ROAS 216%
3. 구강가전_맞춤타겟  9.2만원 · ROAS 0%

── 신규 광고 (오늘) ──
메타: 없음
GFA: 없음
─────────────────
발송 완료 → jmpark@oa-world.com
발송 완료 → kkeim@oa-world.com
[2026. 9. 3. AM 7:00:02] 이미용 동기화 시작 (MCP 경유, 최근 30일)
MySQL(MCP) 조회 중...
  조회 중... 200건  조회 중... 400건  조회 중... 600건  조회 중... 800건  조회 중... 1000건  조회 중... 1200건  조회 중... 1400건  조회 중... 1600건  조회 중... 1800건  조회 중... 2000건  조회 중... 2200건  조회 중... 2400건  조회 중... 2600건  조회 중... 2800건  조회 중... 3000건  조회 중... 3200건  조회 중... 3400건  조회 중... 3600건  조회 중... 3800건  조회 중... 4000건  조회 중... 4200건  조회 중... 4400건  조회 중... 4600건  조회 중... 4800건  조회 중... 5000건  조회 중... 5200건  조회 중... 5400건  조회 중... 5600건  조회 중... 5800건  조회 중... 6000건  조회 중... 6200건  조회 중... 6400건  조회 중... 6600건  조회 중... 6800건  조회 중... 7000건  조회 중... 7200건  조회 중... 7400건  조회 중... 7600건  조회 중... 7800건  조회 중... 8000건  조회 중... 8200건  조회 중... 8400건  조회 중... 8600건  조회 중... 8800건  조회 중... 9000건  조회 중... 9200건  조회 중... 9400건  조회 중... 9600건  조회 중... 9800건  조회 중... 10000건  조회 중... 10200건  조회 중... 10400건  조회 중... 10600건  조회 중... 10800건  조회 중... 11000건  조회 중... 11200건  조회 중... 11400건  조회 중... 11600건  조회 중... 11800건  조회 중... 12000건  조회 중... 12200건  조회 중... 12400건  조회 중... 12600건  조회 중... 12800건  조회 중... 13000건  조회 중... 13200건  조회 중... 13400건  조회 중... 13600건  조회 중... 13800건  조회 중... 14000건  조회 중... 14200건  조회 중... 14400건  조회 중... 14600건  조회 중... 14800건  조회 중... 15000건  조회 중... 15200건  조회 중... 15400건  조회 중... 15600건  조회 중... 15800건  조회 중... 16000건  조회 중... 16200건  조회 중... 16400건  조회 중... 16600건  조회 중... 16742건
  → 16742건 조회됨
Supabase 업로드 중...
  ↑ 500/16742건 완료
  ↑ 1000/16742건 완료
  ↑ 1500/16742건 완료
  ↑ 2000/16742건 완료
  ↑ 2500/16742건 완료
  ↑ 3000/16742건 완료
  ↑ 3500/16742건 완료
  ↑ 4000/16742건 완료
  ↑ 4500/16742건 완료
  ↑ 5000/16742건 완료
  ↑ 5500/16742건 완료
  ↑ 6000/16742건 완료
  ↑ 6500/16742건 완료
  ↑ 7000/16742건 완료
  ↑ 7500/16742건 완료
  ↑ 8000/16742건 완료
  ↑ 8500/16742건 완료
  ↑ 9000/16742건 완료
  ↑ 9500/16742건 완료
  ↑ 10000/16742건 완료
  ↑ 10500/16742건 완료
  ↑ 11000/16742건 완료
  ↑ 11500/16742건 완료
  ↑ 12000/16742건 완료
  ↑ 12500/16742건 완료
  ↑ 13000/16742건 완료
  ↑ 13500/16742건 완료
  ↑ 14000/16742건 완료
  ↑ 14500/16742건 완료
  ↑ 15000/16742건 완료
  ↑ 15500/16742건 완료
  ↑ 16000/16742건 완료
  ↑ 16500/16742건 완료
  ↑ 16742/16742건 완료
✅ 동기화 완료!
쿠팡 파일 없음
지그재그 파일 없음
경고: 쿠팡: 파일 없음; 지그재그: 파일 없음
업서트 대상: 0행 (2026-07-30 ~ 2026-09-03)
[2026. 9. 3. AM 9:05:59] 랭킹 실판매 동기화 시작
  조회 중... 10행
  → 10행 조회
✅ 동기화 완료
[2026. 9. 3. AM 9:12:41] 전제품 검색순위 동기화 시작
[2026. 9. 3. AM 9:19:15] 우선순위 동기화 시작
발송 완료 (썸네일 2장):
📋 9/3(목) 아침 브리핑

🎨 소재 검토 2건 (평균 CTR 1.15%)
1. [행사X]에어리소닉_영상1
   ㄴ 7일 44만원 · CTR 0.52%
   ㄴ 재제작: oa-dashboard2.vercel.app/?recreate=%5B%ED%96%89%EC%82%ACX%5D%EC%97%90%EC%96%B4%EB%A6%AC%EC%86%8C%EB%8B%89_%EC%98%81%EC%83%811
2. [행사X]에어리소닉_워터파크
   ㄴ 7일 24만원 · CTR 0.54%
   ㄴ 재제작: oa-dashboard2.vercel.app/?recreate=%5B%ED%96%89%EC%82%ACX%5D%EC%97%90%EC%96%B4%EB%A6%AC%EC%86%8C%EB%8B%89_%EC%9B%8C%ED%84%B0%ED%8C%8C%ED%81%AC

🎯 오늘의 가설 6건
1. 오아무선판고데기-포그밀크-리테일
   ㄴ 원인분석 · 담당 미지정❗
2. 오아에어리스마트-화이트
   ㄴ 원인분석 · 담당 미지정❗
3. 오아소닉플로우-핑크
   ㄴ 원인분석 · 담당 미지정❗
4. 오아에어리라이트-화이트-리테일
   ㄴ 마케팅액션 · 담당 미지정❗
5. 오아데일리고데기
   ㄴ 마케팅액션 · 담당 미지정❗
6. 오아소닉플로우-핑크
   ㄴ 마케팅액션 · 담당 미지정❗

⚠️ 확인: 메타광고 데이터 누락

👉 oa-dashboard2.vercel.app
스마트스토어 동기화 실패: 토큰 실패: {"code":"GW.IP_NOT_ALLOWED","message":"호출이 허용되지 않은 IP입니다.","timestamp":"2026-09-03T09:31:53.479+09:00","traceId":"AaAYldrOeNqAVYIW_pgOSA^1787118868337^99299827"}
조회 기간: 2026-08-04 ~ 2026-09-02
  page 1/4 — 누적 100행
  page 2/4 — 누적 200행
  page 3/4 — 누적 300행
  page 4/4 — 누적 328행
  활성 page 1/1 — 누적 54행
활성 판정 — 송출 중 42개 · 꺼짐 286개
소재 328행 · 총비용 34,444,303원 · 구매완료 1906 · 전환매출 69,456,460원 · ROAS 202%
업로드 완료 — 328행, targetRoas 300% 유지
대시보드 GFA 탭 새로고침하면 반영됩니다
  조회 중... 3439행 (D-90~)시트 마지막 날짜: 2026-09-01
메타 인사이트 조회: 2026-08-27 ~ 2026-09-02
366행 (7일: 2026-08-27 ~ 2026-09-02)
웹앱 응답: {'ok': True, 'removed': 287, 'added': 366, 'total': 20210}
완료 — 대시보드 메타 탭 새로고침하면 반영됩니다
  조회 중... 6863행 (D-83~)Traceback (most recent call last):
  File "/Users/kirby/oa-dashboard2/scripts/meta-rules-alert.py", line 418, in <module>
    main()
  File "/Users/kirby/oa-dashboard2/scripts/meta-rules-alert.py", line 311, in main
    i7 = insights_by_adset(acct, token, "last_7d", camp_ids)
  File "/Users/kirby/oa-dashboard2/scripts/meta-rules-alert.py", line 79, in insights_by_adset
    data = gget(f"act_{acct}/insights", token, **url_params)
  File "/Users/kirby/oa-dashboard2/scripts/meta-rules-alert.py", line 48, in gget
    with urllib.request.urlopen(url, timeout=120) as r:
  File "/Library/Developer/CommandLineTools/Library/Frameworks/Python3.framework/Versions/3.9/lib/python3.9/urllib/request.py", line 214, in urlopen
    return opener.open(url, data, timeout)
  File "/Library/Developer/CommandLineTools/Library/Frameworks/Python3.framework/Versions/3.9/lib/python3.9/urllib/request.py", line 517, in open
    response = self._open(req, data)
  File "/Library/Developer/CommandLineTools/Library/Frameworks/Python3.framework/Versions/3.9/lib/python3.9/urllib/request.py", line 534, in _open
    result = self._call_chain(self.handle_open, protocol, protocol +
  File "/Library/Developer/CommandLineTools/Library/Frameworks/Python3.framework/Versions/3.9/lib/python3.9/urllib/request.py", line 494, in _call_chain
    result = func(*args)
  File "/Library/Developer/CommandLineTools/Library/Frameworks/Python3.framework/Versions/3.9/lib/python3.9/urllib/request.py", line 1389, in https_open
    return self.do_open(http.client.HTTPSConnection, req,
  File "/Library/Developer/CommandLineTools/Library/Frameworks/Python3.framework/Versions/3.9/lib/python3.9/urllib/request.py", line 1350, in do_open
    r = h.getresponse()
  File "/Library/Developer/CommandLineTools/Library/Frameworks/Python3.framework/Versions/3.9/lib/python3.9/http/client.py", line 1349, in getresponse
    response.begin()
  File "/Library/Developer/CommandLineTools/Library/Frameworks/Python3.framework/Versions/3.9/lib/python3.9/http/client.py", line 316, in begin
    version, status, reason = self._read_status()
  File "/Library/Developer/CommandLineTools/Library/Frameworks/Python3.framework/Versions/3.9/lib/python3.9/http/client.py", line 277, in _read_status
    line = str(self.fp.readline(_MAXLINE + 1), "iso-8859-1")
  File "/Library/Developer/CommandLineTools/Library/Frameworks/Python3.framework/Versions/3.9/lib/python3.9/socket.py", line 704, in readinto
    return self._sock.recv_into(b)
  File "/Library/Developer/CommandLineTools/Library/Frameworks/Python3.framework/Versions/3.9/lib/python3.9/ssl.py", line 1241, in recv_into
    return self.read(nbytes, buffer)
  File "/Library/Developer/CommandLineTools/Library/Frameworks/Python3.framework/Versions/3.9/lib/python3.9/ssl.py", line 1099, in read
    return self._sslobj.read(len, buffer)
socket.timeout: The read operation timed out
  매출 조회 중... 7697행 (D-180~)  조회 중... 10202행 (D-76~)  조회 중... 13608행 (D-69~)  조회 중... 17009행 (D-62~)  매출 조회 중... 15553행 (D-150~)  조회 중... 20298행 (D-55~)  조회 중... 23751행 (D-48~)  조회 중... 27206행 (D-41~)  조회 중... 27703행 (D-34~)  조회 중... 27703행 (D-27~)  조회 중... 27703행 (D-20~)  조회 중... 27703행 (D-13~)  조회 중... 27703행 (D-6~)
  → 키워드 529개 · 27703행 (90일)
  조회 중... 0행  → payload 494KB
✅ 동기화 완료
  매출 조회 중... 23487행 (D-120~)❌ 오류: fetch failed
발송: 미지정 6건
──── 미리보기 ────
📊 부스터즈 광고 리포트 (9/2 수)
총 광고비 157만원

── 메타 전환 ──
102.5만원  (평소 +46%)
클릭 2,338 · 랜딩 58% · CPC 438원

── 메타 트래픽 ──
14.6만원  (평소 +43%)
클릭 493 · 랜딩 90% · CPC 296원

── GFA ──
39.9만원  (평소 -1%)
클릭 740 · 구매 20건 · 구매당 2만원 · ROAS 293%

── GFA 캠페인 TOP3 ──
1. 드라이기_전환  20.5만원 · ROAS 304%
2. 드라이기_맞춤타겟  9.9만원 · ROAS 279%
3. 구강가전_맞춤타겟  9.5만원 · ROAS 84%

── 신규 광고 (오늘) ──
메타: 없음
GFA: 광고 소재#2609031105 1_배너형(모바일), 광고 소재#2609031105 2_피드형, 광고 소재#2609031105 3_스퀘어형, 광고 소재#2609031105 4_피드형(2:3) 외 18개
─────────────────
발송 완료 → jmpark@oa-world.com
발송 완료 → kkeim@oa-world.com
쿠팡 파일 없음
지그재그 파일 없음
경고: 쿠팡: 파일 없음; 지그재그: 파일 없음
업서트 대상: 0행 (2026-07-31 ~ 2026-09-04)
[2026. 9. 4. AM 9:05:00] 랭킹 실판매 동기화 시작
  조회 중... 10행
  → 10행 조회
✅ 동기화 완료
[2026. 9. 4. AM 9:10:00] 전제품 검색순위 동기화 시작
  조회 중... 3439행 (D-90~)[2026. 9. 4. AM 9:15:01] 우선순위 동기화 시작
  조회 중... 6853행 (D-83~)  조회 중... 10212행 (D-76~)  조회 중... 13603행 (D-69~)발송 완료 (썸네일 1장):
📋 9/4(금) 아침 브리핑

📉 이미용 매출 급락 — 어제 144만원 (7일 평균 4,343만원, -97%)

🎨 소재 검토 1건 (평균 CTR 1.12%)
1. [행사X]에어리소닉_영상1
   ㄴ 7일 46만원 · CTR 0.52%
   ㄴ 재제작: oa-dashboard2.vercel.app/?recreate=%5B%ED%96%89%EC%82%ACX%5D%EC%97%90%EC%96%B4%EB%A6%AC%EC%86%8C%EB%8B%89_%EC%98%81%EC%83%811

🎯 오늘의 가설 6건
1. 오아무선판고데기-포그밀크-리테일
   ㄴ 원인분석 · 담당 미지정❗
2. 오아에어리라이트-화이트-리테일
   ㄴ 원인분석 · 담당 미지정❗
3. 오아소닉플로우-핑크
   ㄴ 원인분석 · 담당 미지정❗
4. 오아소닉플로우 (핑크/그레이/베이지)
   ㄴ 마케팅액션 · 담당 미지정❗
5. 오아뿌리볼륨고데기-블랙
   ㄴ 마케팅액션 · 담당 미지정❗
6. 오아데일리고데기
   ㄴ 마케팅액션 · 담당 미지정❗

⚠️ 확인: 메타광고 데이터 누락

👉 oa-dashboard2.vercel.app
  매출 조회 중... 7726행 (D-180~)스마트스토어 동기화 실패: 토큰 실패: {"code":"GW.IP_NOT_ALLOWED","message":"호출이 허용되지 않은 IP입니다.","timestamp":"2026-09-04T09:25:01.025+09:00","traceId":"AaAYlkBsfUaXMAWmvWamgw^1787118894419^106702722"}
  조회 중... 16942행 (D-62~)  조회 중... 20305행 (D-55~)조회 기간: 2026-08-05 ~ 2026-09-03
  page 1/4 — 누적 100행
  page 2/4 — 누적 200행
  page 3/4 — 누적 300행
  page 4/4 — 누적 350행
  활성 page 1/1 — 누적 73행
활성 판정 — 송출 중 61개 · 꺼짐 289개
소재 350행 · 총비용 34,464,883원 · 구매완료 1905 · 전환매출 69,419,960원 · ROAS 201%
업로드 완료 — 350행, targetRoas 300% 유지
대시보드 GFA 탭 새로고침하면 반영됩니다
  조회 중... 23756행 (D-48~)  매출 조회 중... 15593행 (D-150~)시트 마지막 날짜: 2026-09-02
메타 인사이트 조회: 2026-08-28 ~ 2026-09-03
396행 (7일: 2026-08-28 ~ 2026-09-03)
웹앱 응답: {'ok': True, 'removed': 317, 'added': 396, 'total': 20289}
완료 — 대시보드 메타 탭 새로고침하면 반영됩니다
  조회 중... 27211행 (D-41~)  조회 중... 27211행 (D-34~)  조회 중... 27211행 (D-27~)  조회 중... 27211행 (D-20~)  조회 중... 27211행 (D-13~)  조회 중... 27211행 (D-6~)
  → 키워드 529개 · 27211행 (90일)
  조회 중... 0행  → payload 485KB
✅ 동기화 완료
❌ 오류: fetch failed
📣 아침 광고 브리핑 (가중구매=클릭+뷰×0.3)

━━ 📈 메타 (어제)
합계 ₩1,177,876 · 클릭구매 18 (+뷰 56) · ROAS 3.0 · 가중CPA ₩33,847
· 부스터팀_구강가전_전환: ₩660,513 · 구매 4+뷰9 · ROAS 0.7 ⚠️점검
· 부스터팀_뷰티가전_전환: ₩330,076 · 구매 12+뷰47 · ROAS 9.1
· 부스터팀_구강가전_트래픽: ₩94,143 · 구매 0+뷰0 · ROAS 0.0 ⚠️점검
· 욕실팀_클린이스쿨_트래픽: ₩47,829 · 구매 0+뷰0 · ROAS 0.0 ⚠️점검
· 부스터팀_뷰티가전_트래픽: ₩45,315 · 구매 2+뷰0 · ROAS 1.0

━━ 📣 메타 룰 판정 (7일)

⛔ 중지 추천 7건
· [부스터팀_구강가전_전환] [추석]클린이스윙P+미세모 증정_전환_스토리
  7일 ₩307,782 지출, CPA ₩205,188 → OFF 권고
· [부스터팀_구강가전_전환] [추석]클린이스윙P+미세모 증정_전환 5
  7일 ₩313,931 지출, CPA ₩49,052 → OFF 권고
· [부스터팀_구강가전_전환] [추석]클린이스윙P+미세모 증정_전환 2
  7일 ₩312,647 지출, CPA ₩208,431 → OFF 권고
· [부스터팀_구강가전_전환] 클린이워터B_전환
  7일 ₩485,298 지출, CPA ₩65,581 → OFF 권고
· [부스터팀_구강가전_전환] 클린이스윙P_전환
  7일 ₩418,158 지출, CPA ₩58,078 → OFF 권고
· [부스터팀_구강가전_전환] [행사X]클린이워터B+거치대_전환
  7일 ₩282,948 지출, CPA ₩74,460 → OFF 권고
· [부스터팀_뷰티가전_전환] [전환]260701_소닉플로우_이민정 머릿결
  7일 ₩53,491 지출, 구매 0 → OFF 권고

(트래픽 목표 세트 19개는 CPA 룰 제외)

━━ 🛒 네이버 검색광고 (어제)
합계 ₩2,101,576 · 전환 604 · ROAS 16.4
· 상품형_욕실: ₩671,070 · 전환 172 · ROAS 14.8
· 상품형_이미용: ₩384,965 · 전환 123 · ROAS 18.8
· 상품형_건강: ₩187,756 · 전환 38 · ROAS 12.7
· 상품형_모바일: ₩182,521 · 전환 35 · ROAS 7.4
· 상품형_인테리어: ₩149,536 · 전환 35 · ROAS 11.8
· 상품형_계절가전: ₩109,645 · 전환 27 · ROAS 11.7

━━ 🚀 AD부스터 (7일)
AD부스터/ADVoost 합계 ₩6,823,692 · 전환 1327 · ROAS 11.9 (2026.08.28~2026.09.03)
· [k2ci00] 아이스볼트맥스, 아이스볼트미스트: ₩969,756 · ROAS 5.1
· [오아운영] 건강가전팀: ₩924,513 · ROAS 11.4
· [오아운영] 이미용: ₩922,359 · ROAS 33.6
· [오아운영] 욕실가전: ₩767,788 · ROAS 20.1
· [k2ci00] 넥밴드선풍기: ₩671,253 · ROAS 2.0 ⚠️점검
· [오아운영] 모바일: ₩618,465 · ROAS 8.5
· [k2ci00] 아이스볼트폴드: ₩489,882 · ROAS 2.7 ⚠️점검
· [k2ci00] 탁상용선풍기: ₩479,769 · ROAS 13.6
🚨 낭비 의심 2건 (7일 10만↑·ROAS<1):
· [오아운영] PC_트래픽_지문텀블러: ₩319,962 · ROAS 0.7
· [오아운영] 트래픽_이지C_동영상조회: ₩259,839 · ROAS 0.7

━━ 📊 GFA (어제)
합계 ₩702,039 · 구매 15 · ROAS 1.2
· 클린이스윙P_추석 티저: ₩296,892 · ROAS 0.3 ⚠️점검
· 드라이기_전환: ₩206,707 · ROAS 2.2
· 드라이기_맞춤타겟: ₩100,375 · ROAS 0.7 ⚠️점검
· 구강가전_맞춤타겟: ₩98,065 · ROAS 1.3
· 오아데이_티저: ₩0 · ROAS 0.0
→ 텔레그램 발송 완료
발송: 미지정 6건
daily-ad-report 실패: GFA: APIRequestContext.get: Timeout 30000ms exceeded.
Call log:
  - → GET https://ads.naver.com/apis/report/gfa/v1/adAccounts/1742505/stats/reportPerformance?startDate=2026-08-27&endDate=2026-09-02&reportAdUnit=CREATIVE&reportFilterListString=%5B%5D&pageNumber=1&pageSize=100
    - user-agent: Mozilla/5.0 (Macintosh; Intel Mac OS X 10_15_7) AppleWebKit/537.36 (KHTML, like Gecko) HeadlessChrome/152.0.0.0 Safari/537.36
    - accept: */*
    - accept-encoding: gzip,deflate,br
    - Referer: https://ads.naver.com/manage/ad-accounts/1742505/da/report/performance
    - cookie: NNB=NRJTACYCERQGU; NAC=vlfHDYioCSOAA; nid_inf=-386784695; NID_AUT=wFAlrP+xszKI7AHvuTu8ncEw/yjqx2RtlhYDCVb/wf9NabtLAvVW8Tqbe9DllChp; BUC=o_OVtM6QROLi6v3RRxSiASgcq7UOsvOQ8b-j2vODsUU=; NID_SES=AAABsigah90/wQlkZvhlmgYCwy+KNB2YaG6JjsYxmwhOI3bzyVgsCK5j4DcO8p3y8FO9ORo6NTdbnIl3XVLEw3SfLLdPVfdfv+/r2MA+WDj0+zHwzfffSbfZXt/p42l/aezYqjrpXy6qxvQYKUN3sSaz8hGsl0otBAHIl8GHbAVGw43BHVyP722QX26XS0NGNWldtaXW0Cay/AA/LBqq8TWmqRlB1AVpUt+GD9eIXI/nb7NUNinE/ZSJoosW5P9t+QMMJOC2rl8+N4IoztXpkKNjhuPb1upnnCA4G+LonaactYLQsVERiZDNb/tUDnkUqhu835t8B3rUwZceopxbU7KMCia0N3TkUq2m5R8kQJ0NdJjDkN9l3Ya3TMMRYQe4kXFIwhT2bjvnDLzZCvDOvLuoO09fbunHl5rbd02A4d/24To8cNOZcaJCMtwSgpsnWN4VCGeCpldFVCa7i2uxE1o/Eq3lv7cMZPCe5aZHLNlasLNC3UwSvAHU3C5Z8hsZ26zWSkJv/rhiRS4XI46A3IDUEzvF2wHWgvPK/T26EDHOdIDMPBTXf87U7eBNdJxa+BzZR63+bcGt8x19Io9RzXw+e+0=

[2026. 9. 5. AM 7:00:00] 이미용 동기화 시작 (MCP 경유, 최근 30일)
MySQL(MCP) 조회 중...
  조회 중... 200건  조회 중... 400건  조회 중... 600건  조회 중... 800건  조회 중... 1000건  조회 중... 1200건  조회 중... 1400건  조회 중... 1600건  조회 중... 1800건  조회 중... 2000건  조회 중... 2200건  조회 중... 2400건  조회 중... 2600건  조회 중... 2800건  조회 중... 3000건  조회 중... 3200건  조회 중... 3400건  조회 중... 3600건  조회 중... 3800건  조회 중... 4000건  조회 중... 4200건  조회 중... 4400건  조회 중... 4600건  조회 중... 4800건  조회 중... 5000건  조회 중... 5200건  조회 중... 5400건  조회 중... 5600건  조회 중... 5800건  조회 중... 6000건  조회 중... 6200건  조회 중... 6400건  조회 중... 6600건  조회 중... 6800건  조회 중... 7000건  조회 중... 7200건  조회 중... 7400건  조회 중... 7600건  조회 중... 7800건  조회 중... 8000건  조회 중... 8200건  조회 중... 8400건  조회 중... 8600건  조회 중... 8800건  조회 중... 9000건  조회 중... 9200건  조회 중... 9400건  조회 중... 9600건  조회 중... 9800건  조회 중... 10000건  조회 중... 10200건  조회 중... 10400건  조회 중... 10600건  조회 중... 10800건  조회 중... 11000건  조회 중... 11200건  조회 중... 11400건  조회 중... 11600건  조회 중... 11800건  조회 중... 12000건  조회 중... 12200건  조회 중... 12400건  조회 중... 12600건  조회 중... 12800건  조회 중... 13000건  조회 중... 13200건  조회 중... 13400건  조회 중... 13600건  조회 중... 13800건  조회 중... 14000건  조회 중... 14200건  조회 중... 14400건  조회 중... 14600건  조회 중... 14800건  조회 중... 15000건  조회 중... 15200건  조회 중... 15400건  조회 중... 15600건  조회 중... 15800건  조회 중... 16000건  조회 중... 16200건  조회 중... 16400건  조회 중... 16542건
  → 16542건 조회됨
Supabase 업로드 중...
  ↑ 500/16542건 완료
  ↑ 1000/16542건 완료
  ↑ 1500/16542건 완료
  ↑ 2000/16542건 완료
  ↑ 2500/16542건 완료
  ↑ 3000/16542건 완료
  ↑ 3500/16542건 완료
❌ 오류: Supabase upsert 실패: {"code":"21000","details":null,"hint":"Ensure that no rows proposed for insertion within the same command have duplicate constrained values.","message":"ON CONFLICT DO UPDATE command cannot affect row a second time"}
[2026. 9. 5. AM 9:05:00] 랭킹 실판매 동기화 시작
  조회 중... 10행
  → 10행 조회
✅ 동기화 완료
[2026. 9. 5. AM 9:10:00] 전제품 검색순위 동기화 시작
  조회 중... 3437행 (D-90~)  조회 중... 6855행 (D-83~)  조회 중... 10212행 (D-76~)  조회 중... 13598행 (D-69~)[2026. 9. 5. AM 9:15:00] 우선순위 동기화 시작
  조회 중... 16947행 (D-62~)  조회 중... 20308행 (D-55~)  조회 중... 23762행 (D-48~)  조회 중... 26721행 (D-41~)  조회 중... 26721행 (D-34~)  조회 중... 26721행 (D-27~)  조회 중... 26721행 (D-20~)  조회 중... 26721행 (D-13~)  조회 중... 26721행 (D-6~)
  → 키워드 529개 · 26721행 (90일)
  조회 중... 0행  → payload 477KB
✅ 동기화 완료
  매출 조회 중... 7739행 (D-180~)발송 완료 (썸네일 0장):
📋 9/5(토) 아침 브리핑

📉 이미용 매출 급락 — 어제 2,571만원 (7일 평균 4,396만원, -42%)

🎯 오늘의 가설 6건
1. 오아무선판고데기-포그밀크-리테일
   ㄴ 원인분석 · 담당 미지정❗
2. 오아에어리라이트-화이트-리테일
   ㄴ 원인분석 · 담당 미지정❗
3. 오아소닉플로우-핑크/그레이
   ㄴ 원인분석 · 담당 미지정❗
4. 오아소닉플로우-핑크/그레이
   ㄴ 마케팅액션 · 담당 미지정❗
5. 오아물결고데기
   ㄴ 마케팅액션 · 담당 미지정❗
6. 오아에어리소닉드라이기-화이트/핑크/베이지
   ㄴ 마케팅액션 · 담당 미지정❗

⚠️ 확인: 메타광고 데이터 누락

👉 oa-dashboard2.vercel.app
  매출 조회 중... 15611행 (D-150~)스마트스토어 동기화 실패: 토큰 실패: {"code":"GW.IP_NOT_ALLOWED","message":"호출이 허용되지 않은 IP입니다.","timestamp":"2026-09-05T09:25:01.310+09:00","traceId":"AaAYldrOeNqAVYIW_pgOSA^1787118868337^113781979"}
  매출 조회 중... 23502행 (D-120~)조회 기간: 2026-08-06 ~ 2026-09-04
  page 1/4 — 누적 100행
  page 2/4 — 누적 200행
  page 3/4 — 누적 300행
  page 4/4 — 누적 350행
  활성 page 1/1 — 누적 60행
활성 판정 — 송출 중 51개 · 꺼짐 299개
소재 350행 · 총비용 34,254,144원 · 구매완료 1911 · 전환매출 70,158,460원 · ROAS 205%
업로드 완료 — 350행, targetRoas 300% 유지
대시보드 GFA 탭 새로고침하면 반영됩니다
  매출 조회 중... 31250행 (D-90~)  매출 조회 중... 39104행 (D-60~)시트 마지막 날짜: 2026-09-03
메타 인사이트 조회: 2026-08-29 ~ 2026-09-04
425행 (7일: 2026-08-29 ~ 2026-09-04)
웹앱 응답: {'ok': True, 'removed': 351, 'added': 425, 'total': 20363}
완료 — 대시보드 메타 탭 새로고침하면 반영됩니다
  매출 조회 중... 47082행 (D-30~)
  → 품목 386개 · 일별 47082행 (180일)
  조회 중... 200행  조회 중... 321행
  → 작년 동기 데이터 321개 품목
  네이버 광고 조회 중... 0행 (D-180~)  네이버 광고 조회 중... 0행 (D-150~)  네이버 광고 조회 중... 5205행 (D-120~)  네이버 광고 조회 중... 28537행 (D-90~)  네이버 광고 조회 중... 40256행 (D-60~)  네이버 광고 조회 중... 40256행 (D-30~)
  → 네이버 광고그룹 819개 중 490개 제품 매칭
  조회 중... 7행
  → payload 1490KB
✅ 동기화 완료
📣 아침 광고 브리핑 (가중구매=클릭+뷰×0.3)

━━ 📈 메타 (어제)
합계 ₩1,075,280 · 클릭구매 21 (+뷰 56) · ROAS 3.8 · 가중CPA ₩28,447
· 부스터팀_구강가전_전환: ₩593,329 · 구매 4+뷰12 · ROAS 1.0 ⚠️점검
· 부스터팀_뷰티가전_전환: ₩268,970 · 구매 12+뷰43 · ROAS 11.9
· 부스터팀_구강가전_트래픽: ₩103,277 · 구매 3+뷰0 · ROAS 1.9
· 욕실팀_클린이스쿨_트래픽: ₩57,304 · 구매 2+뷰1 · ROAS 2.6
· 부스터팀_뷰티가전_트래픽: ₩52,400 · 구매 0+뷰0 · ROAS 0.0 ⚠️점검

━━ 📣 메타 룰 판정 (7일)

⬆️ 증액 추천 1건
· [부스터팀_뷰티가전_전환] [전환]260311_소닉플로우_광고소재변경해야함
  7일 가중CPA ₩8,644 (클릭 40+뷰 83/₩561,023) → 예산 ₩80,000→₩100,000 (+25%)

⛔ 중지 추천 7건
· [부스터팀_구강가전_전환] [추석]클린이스윙P+미세모 증정_전환_스토리
  7일 ₩382,588 지출, CPA ₩141,699 → OFF 권고
· [부스터팀_구강가전_전환] [추석]클린이스윙P+미세모 증정_전환 5
  7일 ₩387,133 지출, CPA ₩53,032 → OFF 권고
· [부스터팀_구강가전_전환] [추석]클린이스윙P+미세모 증정_전환 2
  7일 ₩382,050 지출, CPA ₩212,250 → OFF 권고
· [부스터팀_구강가전_전환] [추석]클린이스윙P+미세모 증정_전환 1
  7일 ₩386,109 지출, CPA ₩321,758 → OFF 권고
· [부스터팀_구강가전_전환] 클린이워터B_전환
  7일 ₩477,947 지출, CPA ₩64,587 → OFF 권고
· [부스터팀_구강가전_전환] 클린이스윙P_전환
  7일 ₩410,539 지출, CPA ₩49,463 → OFF 권고
· [부스터팀_구강가전_전환] [행사X]클린이워터B+거치대_전환
  7일 ₩277,832 지출, CPA ₩50,515 → OFF 권고

(트래픽 목표 세트 19개는 CPA 룰 제외)

━━ 🛒 네이버 검색광고 (어제)
합계 ₩1,785,576 · 전환 552 · ROAS 20.0
· 상품형_욕실: ₩524,250 · 전환 153 · ROAS 16.5
· 상품형_이미용: ₩321,612 · 전환 125 · ROAS 26.0
· 상품형_건강: ₩216,653 · 전환 51 · ROAS 18.2
· 상품형_모바일: ₩166,432 · 전환 27 · ROAS 6.6
· 상품형_계절가전: ₩94,369 · 전환 25 · ROAS 12.9
· 파워링크_이미용: ₩91,133 · 전환 36 · ROAS 26.9

━━ 📊 GFA (어제)
합계 ₩682,381 · 구매 22 · ROAS 2.1
· 클린이스윙P_추석 티저: ₩278,410 · ROAS 0.7 ⚠️점검
· 드라이기_전환: ₩210,626 · ROAS 0.9 ⚠️점검
· 드라이기_맞춤타겟: ₩97,065 · ROAS 4.3
· 구강가전_맞춤타겟: ₩96,280 · ROAS 1.3
· 오아데이_티저: ₩0 · ROAS 0.0
→ 텔레그램 발송 완료
발송: 미지정 6건
──── 미리보기 ────
📊 부스터즈 광고 리포트 (9/4 금)
총 광고비 170.1만원

── 메타 전환 ──
86.3만원  (평소 +7%)
클릭 2,014 · 랜딩 48% · CPC 428원

── 메타 트래픽 ──
15.6만원  (평소 +56%)
클릭 608 · 랜딩 90% · CPC 256원

── GFA ──
68.2만원  (평소 +66%)
클릭 930 · 구매 22건 · 구매당 3.1만원 · ROAS 214%

── GFA 캠페인 TOP3 ──
1. 클린이스윙P_추석 티저  27.8만원 · ROAS 68%
2. 드라이기_전환  21.1만원 · ROAS 93%
3. 드라이기_맞춤타겟  9.7만원 · ROAS 429%

── 신규 광고 (오늘) ──
메타: 없음
GFA: 없음
─────────────────
발송 완료 → jmpark@oa-world.com
발송 완료 → kkeim@oa-world.com
[2026. 9. 6. AM 9:15:01] 우선순위 동기화 시작
  매출 조회 중... 7730행 (D-180~)  매출 조회 중... 15618행 (D-150~)발송 완료 (썸네일 1장):
📋 9/6(일) 아침 브리핑

📉 이미용 매출 급락 — 어제 98만원 (7일 평균 4,418만원, -98%)

🎨 소재 검토 1건 (평균 CTR 1.12%)
1. [행사X]에어리소닉_영상1
   ㄴ 7일 50만원 · CTR 0.56%
   ㄴ 재제작: oa-dashboard2.vercel.app/?recreate=%5B%ED%96%89%EC%82%ACX%5D%EC%97%90%EC%96%B4%EB%A6%AC%EC%86%8C%EB%8B%89_%EC%98%81%EC%83%811

🎯 오늘의 가설 6건
1. 오아무선판고데기-포그밀크-리테일
   ㄴ 원인분석 · 담당 미지정❗
2. 오아소닉플로우-핑크
   ㄴ 원인분석 · 담당 미지정❗
3. 오아프리온무선고데기-핑크
   ㄴ 원인분석 · 담당 미지정❗
4. 오아소닉플로우-핑크/그레이
   ㄴ 마케팅액션 · 담당 미지정❗
5. 오아에어리라이트-화이트-리테일
   ㄴ 마케팅액션 · 담당 미지정❗
6. 오아물결고데기
   ㄴ 마케팅액션 · 담당 미지정❗

⚠️ 확인: 메타광고 데이터 누락

👉 oa-dashboard2.vercel.app
  매출 조회 중... 23490행 (D-120~)스마트스토어 동기화 실패: 토큰 실패: {"code":"GW.IP_NOT_ALLOWED","message":"호출이 허용되지 않은 IP입니다.","timestamp":"2026-09-06T09:25:00.541+09:00","traceId":"AaAYljAQeIWcuW1G2lcAtw^1787118890380^120542389"}
  매출 조회 중... 31258행 (D-90~)조회 기간: 2026-08-07 ~ 2026-09-05
  page 1/4 — 누적 100행
  page 2/4 — 누적 200행
  page 3/4 — 누적 300행
  page 4/4 — 누적 348행
  활성 page 1/1 — 누적 61행
활성 판정 — 송출 중 52개 · 꺼짐 296개
소재 348행 · 총비용 29,298,263원 · 구매완료 1910 · 전환매출 70,296,860원 · ROAS 240%
업로드 완료 — 348행, targetRoas 300% 유지
대시보드 GFA 탭 새로고침하면 반영됩니다
  매출 조회 중... 39110행 (D-60~)  매출 조회 중... 47035행 (D-30~)
  → 품목 386개 · 일별 47035행 (180일)
  조회 중... 200행  조회 중... 323행
  → 작년 동기 데이터 323개 품목
  네이버 광고 조회 중... 0행 (D-180~)  네이버 광고 조회 중... 0행 (D-150~)  네이버 광고 조회 중... 5980행 (D-120~)시트 마지막 날짜: 2026-09-04
메타 인사이트 조회: 2026-08-30 ~ 2026-09-05
461행 (7일: 2026-08-30 ~ 2026-09-05)
웹앱 응답: {'ok': True, 'removed': 387, 'added': 461, 'total': 20437}
완료 — 대시보드 메타 탭 새로고침하면 반영됩니다
  네이버 광고 조회 중... 29319행 (D-90~)  네이버 광고 조회 중... 40256행 (D-60~)  네이버 광고 조회 중... 40256행 (D-30~)
  → 네이버 광고그룹 819개 중 490개 제품 매칭
  조회 중... 7행
  → payload 1489KB
✅ 동기화 완료
📣 아침 광고 브리핑 (가중구매=클릭+뷰×0.3)

━━ 📈 메타 (어제)
합계 ₩1,191,264 · 클릭구매 6 (+뷰 42) · ROAS 1.7 · 가중CPA ₩64,046
· 부스터팀_구강가전_전환: ₩638,548 · 구매 0+뷰9 · ROAS 0.4 ⚠️점검
· 부스터팀_뷰티가전_전환: ₩345,157 · 구매 5+뷰32 · ROAS 4.9
· 부스터팀_구강가전_트래픽: ₩95,159 · 구매 0+뷰0 · ROAS 0.0 ⚠️점검
· 욕실팀_클린이스쿨_트래픽: ₩56,539 · 구매 1+뷰1 · ROAS 2.0
· 부스터팀_뷰티가전_트래픽: ₩55,861 · 구매 0+뷰0 · ROAS 0.0 ⚠️점검

━━ 📣 메타 룰 판정 (7일)

⬆️ 증액 추천 1건
· [부스터팀_뷰티가전_전환] [전환]260311_소닉플로우_광고소재변경해야함
  7일 가중CPA ₩9,589 (클릭 35+뷰 78/₩559,970) → 예산 ₩80,000→₩100,000 (+25%)

⛔ 중지 추천 7건
· [부스터팀_구강가전_전환] [추석]클린이스윙P+미세모 증정_전환_스토리
  7일 ₩462,496 지출, CPA ₩110,118 → OFF 권고
· [부스터팀_구강가전_전환] [추석]클린이스윙P+미세모 증정_전환 5
  7일 ₩462,500 지출, CPA ₩63,356 → OFF 권고
· [부스터팀_구강가전_전환] [추석]클린이스윙P+미세모 증정_전환 2
  7일 ₩462,496 지출, CPA ₩256,942 → OFF 권고
· [부스터팀_구강가전_전환] [추석]클린이스윙P+미세모 증정_전환 1
  7일 ₩462,499 지출, CPA ₩220,238 → OFF 권고
· [부스터팀_구강가전_전환] 클린이워터B_전환
  7일 ₩490,000 지출, CPA ₩84,483 → OFF 권고
· [부스터팀_구강가전_전환] 클린이스윙P_전환
  7일 ₩419,990 지출, CPA ₩54,544 → OFF 권고
· [부스터팀_구강가전_전환] [행사X]클린이워터B+거치대_전환
  7일 ₩279,984 지출, CPA ₩53,843 → OFF 권고

(트래픽 목표 세트 19개는 CPA 룰 제외)

━━ 🛒 네이버 검색광고 (어제)
합계 ₩1,761,819 · 전환 422 · ROAS 14.3
· 상품형_욕실: ₩526,657 · 전환 119 · ROAS 13.9
· 상품형_이미용: ₩305,082 · 전환 102 · ROAS 21.4
· 상품형_건강: ₩214,176 · 전환 34 · ROAS 13.3
· 상품형_모바일: ₩143,569 · 전환 26 · ROAS 5.5
· 상품형_인테리어: ₩122,117 · 전환 20 · ROAS 8.2
· 상품형_계절가전: ₩115,543 · 전환 19 · ROAS 7.9

━━ 🚀 AD부스터 (7일)
AD부스터/ADVoost 합계 ₩7,020,469 · 전환 1355 · ROAS 12.4 (2026.08.30~2026.09.05)
· [k2ci00] 아이스볼트맥스, 아이스볼트미스트: ₩962,669 · ROAS 5.4
· [오아운영] 건강가전팀: ₩931,708 · ROAS 11.9
· [오아운영] 이미용: ₩923,774 · ROAS 32.5
· [오아운영] 욕실가전: ₩860,287 · ROAS 23.8
· [k2ci00] 넥밴드선풍기: ₩678,844 · ROAS 1.9 ⚠️점검
· [오아운영] 모바일: ₩622,998 · ROAS 8.1
· [k2ci00] 탁상용선풍기: ₩475,210 · ROAS 15.0
· [k2ci00] 아이스볼트폴드: ₩463,622 · ROAS 2.8 ⚠️점검
🚨 낭비 의심 1건 (7일 10만↑·ROAS<1):
· [오아운영] 트래픽_이지C_동영상조회: ₩145,537 · ROAS 0.4

━━ 📊 GFA (어제)
합계 ₩683,808 · 구매 13 · ROAS 1.2
· 클린이스윙P_추석 티저: ₩284,145 · ROAS 0.2 ⚠️점검
· 드라이기_전환: ₩204,727 · ROAS 1.0
· 드라이기_맞춤타겟: ₩98,999 · ROAS 2.8
· 구강가전_맞춤타겟: ₩95,937 · ROAS 1.9
· 오아데이_전환: ₩0 · ROAS 0.0
→ 텔레그램 발송 완료
발송: 미지정 6건
──── 미리보기 ────
📊 부스터즈 광고 리포트 (9/5 토)
총 광고비 181.9만원

── 메타 전환 ──
98.4만원  (평소 +17%)
클릭 2,233 · 랜딩 56% · CPC 441원

── 메타 트래픽 ──
15.1만원  (평소 +49%)
클릭 565 · 랜딩 91% · CPC 267원

── GFA ──
68.4만원  (평소 +51%)
클릭 922 · 구매 13건 · 구매당 5.3만원 · ROAS 120%

── GFA 캠페인 TOP3 ──
1. 클린이스윙P_추석 티저  28.4만원 · ROAS 16%
2. 드라이기_전환  20.5만원 · ROAS 101%
3. 드라이기_맞춤타겟  9.9만원 · ROAS 280%

── 신규 광고 (오늘) ──
메타: 없음
GFA: 없음
─────────────────
발송 완료 → jmpark@oa-world.com
발송 완료 → kkeim@oa-world.com
[2026. 9. 7. AM 7:00:01] 이미용 동기화 시작 (MCP 경유, 최근 30일)
MySQL(MCP) 조회 중...
  조회 중... 200건  조회 중... 400건  조회 중... 600건  조회 중... 800건  조회 중... 1000건  조회 중... 1200건  조회 중... 1400건  조회 중... 1600건  조회 중... 1800건  조회 중... 2000건  조회 중... 2200건  조회 중... 2400건  조회 중... 2600건  조회 중... 2800건  조회 중... 3000건  조회 중... 3200건  조회 중... 3400건  조회 중... 3600건  조회 중... 3800건  조회 중... 4000건  조회 중... 4200건  조회 중... 4400건  조회 중... 4600건  조회 중... 4800건  조회 중... 5000건  조회 중... 5200건  조회 중... 5400건  조회 중... 5600건  조회 중... 5800건  조회 중... 6000건  조회 중... 6200건  조회 중... 6400건  조회 중... 6600건  조회 중... 6800건  조회 중... 7000건  조회 중... 7200건  조회 중... 7400건  조회 중... 7600건  조회 중... 7800건  조회 중... 8000건  조회 중... 8200건  조회 중... 8400건  조회 중... 8600건  조회 중... 8800건  조회 중... 9000건  조회 중... 9200건  조회 중... 9400건  조회 중... 9600건  조회 중... 9800건  조회 중... 10000건  조회 중... 10200건  조회 중... 10400건  조회 중... 10600건  조회 중... 10800건  조회 중... 11000건  조회 중... 11200건  조회 중... 11400건  조회 중... 11600건  조회 중... 11800건  조회 중... 12000건  조회 중... 12200건  조회 중... 12400건  조회 중... 12600건  조회 중... 12800건  조회 중... 13000건  조회 중... 13200건  조회 중... 13400건  조회 중... 13600건  조회 중... 13800건  조회 중... 14000건  조회 중... 14200건  조회 중... 14400건  조회 중... 14600건  조회 중... 14800건  조회 중... 15000건  조회 중... 15200건  조회 중... 15400건  조회 중... 15600건  조회 중... 15800건  조회 중... 16000건  조회 중... 16171건
  → 16171건 조회됨
Supabase 업로드 중...
  ↑ 500/16171건 완료
  ↑ 1000/16171건 완료
  ↑ 1500/16171건 완료
  ↑ 2000/16171건 완료
  ↑ 2500/16171건 완료
  ↑ 3000/16171건 완료
  ↑ 3500/16171건 완료
  ↑ 4000/16171건 완료
  ↑ 4500/16171건 완료
  ↑ 5000/16171건 완료
  ↑ 5500/16171건 완료
  ↑ 6000/16171건 완료
  ↑ 6500/16171건 완료
  ↑ 7000/16171건 완료
  ↑ 7500/16171건 완료
  ↑ 8000/16171건 완료
  ↑ 8500/16171건 완료
  ↑ 9000/16171건 완료
  ↑ 9500/16171건 완료
  ↑ 10000/16171건 완료
  ↑ 10500/16171건 완료
  ↑ 11000/16171건 완료
  ↑ 11500/16171건 완료
  ↑ 12000/16171건 완료
  ↑ 12500/16171건 완료
  ↑ 13000/16171건 완료
  ↑ 13500/16171건 완료
  ↑ 14000/16171건 완료
  ↑ 14500/16171건 완료
  ↑ 15000/16171건 완료
  ↑ 15500/16171건 완료
  ↑ 16000/16171건 완료
  ↑ 16171/16171건 완료
✅ 동기화 완료!
쿠팡 파일 없음
지그재그 파일 없음
경고: 쿠팡: 파일 없음; 지그재그: 파일 없음
업서트 대상: 0행 (2026-08-03 ~ 2026-09-07)
[2026. 9. 7. AM 9:05:01] 랭킹 실판매 동기화 시작
  조회 중... 10행
  → 10행 조회
✅ 동기화 완료
[2026. 9. 7. AM 9:10:06] 전제품 검색순위 동기화 시작
  조회 중... 3439행 (D-90~)[2026. 9. 7. AM 9:15:00] 우선순위 동기화 시작
  조회 중... 6853행 (D-83~)  조회 중... 10197행 (D-76~)  조회 중... 13591행 (D-69~)발송 완료 (썸네일 0장):
📋 9/7(월) 아침 브리핑

📉 이미용 매출 급락 — 어제 1,172만원 (7일 평균 4,339만원, -73%)

🎯 오늘의 가설 6건
1. 오아무선판고데기-포그밀크-리테일
   ㄴ 원인분석 · 담당 미지정❗
2. 오아에어리소닉드라이기-화이트
   ㄴ 원인분석 · 담당 미지정❗
3. 오아프리온무선고데기-핑크
   ㄴ 원인분석 · 담당 미지정❗
4. 오아에어리라이트-화이트-리테일
   ㄴ 마케팅액션 · 담당 미지정❗
5. 오아소닉플로우-베이지
   ㄴ 마케팅액션 · 담당 미지정❗
6. 오아물결고데기
   ㄴ 마케팅액션 · 담당 미지정❗

⚠️ 확인: 메타광고 데이터 누락

🏆 지난주 실행률: 미지정 0/42

👉 oa-dashboard2.vercel.app
  매출 조회 중... 7710행 (D-180~)  조회 중... 16946행 (D-62~)  조회 중... 20311행 (D-55~)스마트스토어 동기화 실패: 토큰 실패: {"code":"GW.IP_NOT_ALLOWED","message":"호출이 허용되지 않은 IP입니다.","timestamp":"2026-09-07T09:25:02.803+09:00","traceId":"AaAZEmfFfFqg6Nf3i9nAAA^1787127030999^127036163"}
  조회 중... 23770행 (D-48~)  조회 중... 25747행 (D-41~)  조회 중... 25747행 (D-34~)  조회 중... 25747행 (D-27~)  조회 중... 25747행 (D-20~)  조회 중... 25747행 (D-13~)  조회 중... 25747행 (D-6~)
  → 키워드 529개 · 25747행 (90일)
  조회 중... 0행  → payload 460KB
✅ 동기화 완료
  매출 조회 중... 15596행 (D-150~)조회 기간: 2026-08-08 ~ 2026-09-06
  page 1/4 — 누적 100행
  page 2/4 — 누적 200행
  page 3/4 — 누적 300행
  page 4/4 — 누적 347행
  활성 page 1/1 — 누적 55행
활성 판정 — 송출 중 50개 · 꺼짐 297개
소재 347행 · 총비용 24,794,488원 · 구매완료 1904 · 전환매출 70,093,540원 · ROAS 283%
업로드 완료 — 347행, targetRoas 300% 유지
대시보드 GFA 탭 새로고침하면 반영됩니다
  매출 조회 중... 23477행 (D-120~)시트 마지막 날짜: 2026-09-05
메타 인사이트 조회: 2026-08-31 ~ 2026-09-06
491행 (7일: 2026-08-31 ~ 2026-09-06)
웹앱 응답: {'ok': True, 'removed': 423, 'added': 491, 'total': 20505}
완료 — 대시보드 메타 탭 새로고침하면 반영됩니다
📣 아침 광고 브리핑 (가중구매=클릭+뷰×0.3)

━━ 📈 메타 (어제)
합계 ₩1,389,318 · 클릭구매 18 (+뷰 55) · ROAS 2.4 · 가중CPA ₩40,270
· 부스터팀_구강가전_전환: ₩752,308 · 구매 6+뷰6 · ROAS 0.4 ⚠️점검
· 부스터팀_뷰티가전_전환: ₩370,461 · 구매 10+뷰48 · ROAS 7.6
· 부스터팀_구강가전_트래픽: ₩140,337 · 구매 0+뷰1 · ROAS 0.3 ⚠️점검
· 부스터팀_뷰티가전_트래픽: ₩64,213 · 구매 0+뷰0 · ROAS 0.0 ⚠️점검
· 욕실팀_클린이스쿨_트래픽: ₩61,999 · 구매 2+뷰0 · ROAS 1.3

━━ 📣 메타 룰 판정 (7일)

⛔ 중지 추천 8건
· [부스터팀_구강가전_전환] [추석]클린이스윙P+미세모 증정_전환_스토리
  7일 ₩550,985 지출, CPA ₩131,187 → OFF 권고
· [부스터팀_구강가전_전환] [추석]클린이스윙P+미세모 증정_전환 5
  7일 ₩565,424 지출, CPA ₩51,874 → OFF 권고
· [부스터팀_구강가전_전환] [추석]클린이스윙P+미세모 증정_전환 3
  7일 ₩560,461 지출, CPA ₩467,051 → OFF 권고
· [부스터팀_구강가전_전환] [추석]클린이스윙P+미세모 증정_전환 2
  7일 ₩554,818 지출, CPA ₩308,232 → OFF 권고
· [부스터팀_구강가전_전환] [추석]클린이스윙P+미세모 증정_전환 1
  7일 ₩560,772 지출, CPA ₩207,693 → OFF 권고
· [부스터팀_구강가전_전환] 클린이워터B_전환
  7일 ₩497,716 지출, CPA ₩80,277 → OFF 권고
· [부스터팀_구강가전_전환] 클린이스윙P_전환
  7일 ₩427,728 지출, CPA ₩49,164 → OFF 권고
· [부스터팀_구강가전_전환] [행사X]클린이워터B+거치대_전환
  7일 ₩282,525 지출, CPA ₩54,332 → OFF 권고

(트래픽 목표 세트 19개는 CPA 룰 제외)

━━ 🛒 네이버 검색광고 (어제)
합계 ₩2,275,186 · 전환 636 · ROAS 15.7
· 상품형_욕실: ₩656,902 · 전환 197 · ROAS 16.5
· 상품형_이미용: ₩437,487 · 전환 157 · ROAS 23.7
· 상품형_건강: ₩234,416 · 전환 33 · ROAS 7.9
· 상품형_인테리어: ₩226,791 · 전환 45 · ROAS 11.7
· 상품형_계절가전: ₩182,667 · 전환 33 · ROAS 9.6
· 상품형_모바일: ₩179,026 · 전환 47 · ROAS 9.8

━━ 📊 GFA (어제)
합계 ₩660,399 · 구매 20 · ROAS 1.4
· 클린이스윙P_추석 티저: ₩272,149 · ROAS 0.5 ⚠️점검
· 드라이기_전환: ₩200,908 · ROAS 2.1
· 드라이기_맞춤타겟: ₩95,913 · ROAS 3.8
· 구강가전_맞춤타겟: ₩91,429 · ROAS 0.0 ⚠️점검
· 오아데이_티저: ₩0 · ROAS 0.0
→ 텔레그램 발송 완료
  매출 조회 중... 31252행 (D-90~)  매출 조회 중... 39093행 (D-60~)  매출 조회 중... 47041행 (D-30~)
  → 품목 384개 · 일별 47041행 (180일)
  조회 중... 200행  조회 중... 323행
  → 작년 동기 데이터 323개 품목
  네이버 광고 조회 중... 0행 (D-180~)  네이버 광고 조회 중... 0행 (D-150~)  네이버 광고 조회 중... 6758행 (D-120~)  네이버 광고 조회 중... 30098행 (D-90~)  네이버 광고 조회 중... 40256행 (D-60~)  네이버 광고 조회 중... 40256행 (D-30~)
  → 네이버 광고그룹 819개 중 490개 제품 매칭
  조회 중... 7행
  → payload 1489KB
✅ 동기화 완료
발송: 미지정 6건
──── 미리보기 ────
📊 부스터즈 주간 광고 리포트 (8/31~9/6)
총 광고비 1,190.5만원

── 메타 전환 ──
703.3만원  (평소 +66%)
클릭 13,927 · 랜딩 55% · CPC 505원

── 메타 트래픽 ──
96.1만원  (평소 +16%)
클릭 3,718 · 랜딩 90% · CPC 258원

── GFA ──
391.1만원  (평소 +25%)
클릭 5,913 · 구매 112건 · 구매당 3.5만원 · ROAS 163%

── GFA 캠페인 TOP3 ──
1. 드라이기_전환  142.9만원 · ROAS 175%
2. 클린이스윙P_추석 티저  113.2만원 · ROAS 40%
3. 드라이기_맞춤타겟  68.6만원 · ROAS 252%

── 신규 광고 (최근 7일) ──
메타: 클린이스윙_p_추석에 - 사본, oa_gfa_스토리 1080x1920 (7) - 사본, 클린이스윙p_자개 - 사본, 클린이스윙p_양치텁텁함_오늘로끝 - 사본 외 44개
GFA: 광고 소재#2609031105 1_배너형(모바일), 광고 소재#2609031105 2_피드형, 광고 소재#2609031105 3_스퀘어형, 귀성길 체크리스트 1_배너형(모바일) 외 8개
─────────────────
발송 완료 → jmpark@oa-world.com
발송 완료 → kkeim@oa-world.com
[2026. 9. 8. AM 7:00:00] 이미용 동기화 시작 (MCP 경유, 최근 30일)
MySQL(MCP) 조회 중...
  조회 중... 200건  조회 중... 400건  조회 중... 600건  조회 중... 800건  조회 중... 1000건  조회 중... 1200건  조회 중... 1400건  조회 중... 1600건  조회 중... 1800건  조회 중... 2000건  조회 중... 2200건  조회 중... 2400건  조회 중... 2600건  조회 중... 2800건  조회 중... 3000건  조회 중... 3200건  조회 중... 3400건  조회 중... 3600건  조회 중... 3800건  조회 중... 4000건  조회 중... 4200건  조회 중... 4400건  조회 중... 4600건  조회 중... 4800건  조회 중... 5000건  조회 중... 5200건  조회 중... 5400건  조회 중... 5600건  조회 중... 5800건  조회 중... 6000건  조회 중... 6200건  조회 중... 6400건  조회 중... 6600건  조회 중... 6800건  조회 중... 7000건  조회 중... 7200건  조회 중... 7400건  조회 중... 7600건  조회 중... 7800건  조회 중... 8000건  조회 중... 8200건  조회 중... 8400건  조회 중... 8600건  조회 중... 8800건  조회 중... 9000건  조회 중... 9200건  조회 중... 9400건  조회 중... 9600건  조회 중... 9800건  조회 중... 10000건  조회 중... 10200건  조회 중... 10400건  조회 중... 10600건  조회 중... 10800건  조회 중... 11000건  조회 중... 11200건  조회 중... 11400건  조회 중... 11600건  조회 중... 11800건  조회 중... 12000건  조회 중... 12200건  조회 중... 12400건  조회 중... 12600건  조회 중... 12800건  조회 중... 13000건  조회 중... 13200건  조회 중... 13400건  조회 중... 13600건  조회 중... 13800건  조회 중... 14000건  조회 중... 14200건  조회 중... 14400건  조회 중... 14600건  조회 중... 14800건  조회 중... 15000건  조회 중... 15200건  조회 중... 15400건  조회 중... 15600건  조회 중... 15800건  조회 중... 16000건  조회 중... 16200건  조회 중... 16400건  조회 중... 16484건
  → 16484건 조회됨
Supabase 업로드 중...
  ↑ 500/16484건 완료
  ↑ 1000/16484건 완료
  ↑ 1500/16484건 완료
  ↑ 2000/16484건 완료
  ↑ 2500/16484건 완료
  ↑ 3000/16484건 완료
  ↑ 3500/16484건 완료
  ↑ 4000/16484건 완료
  ↑ 4500/16484건 완료
  ↑ 5000/16484건 완료
  ↑ 5500/16484건 완료
  ↑ 6000/16484건 완료
  ↑ 6500/16484건 완료
  ↑ 7000/16484건 완료
  ↑ 7500/16484건 완료
  ↑ 8000/16484건 완료
  ↑ 8500/16484건 완료
  ↑ 9000/16484건 완료
  ↑ 9500/16484건 완료
  ↑ 10000/16484건 완료
  ↑ 10500/16484건 완료
  ↑ 11000/16484건 완료
  ↑ 11500/16484건 완료
  ↑ 12000/16484건 완료
  ↑ 12500/16484건 완료
  ↑ 13000/16484건 완료
  ↑ 13500/16484건 완료
  ↑ 14000/16484건 완료
  ↑ 14500/16484건 완료
  ↑ 15000/16484건 완료
  ↑ 15500/16484건 완료
  ↑ 16000/16484건 완료
  ↑ 16484/16484건 완료
✅ 동기화 완료!
쿠팡 파일 없음
지그재그 파일 없음
경고: 쿠팡: 파일 없음; 지그재그: 파일 없음
업서트 대상: 0행 (2026-08-04 ~ 2026-09-08)
[2026. 9. 8. AM 9:05:00] 랭킹 실판매 동기화 시작
  조회 중... 10행
  → 10행 조회
✅ 동기화 완료
[2026. 9. 8. AM 9:10:00] 전제품 검색순위 동기화 시작
[2026. 9. 8. AM 9:15:01] 우선순위 동기화 시작
  조회 중... 3438행 (D-90~)  조회 중... 6843행 (D-83~)발송 완료 (썸네일 0장):
📋 9/8(화) 아침 브리핑

📉 이미용 매출 급락 — 어제 1,597만원 (7일 평균 4,626만원, -65%)

🎯 오늘의 가설 6건
1. 오아무선판고데기-포그밀크-리테일
   ㄴ 원인분석 · 담당 미지정❗
2. 오아에어리소닉드라이기-화이트
   ㄴ 원인분석 · 담당 미지정❗
3. 오아프리온무선고데기-핑크
   ㄴ 원인분석 · 담당 미지정❗
4. 오아에어리라이트-화이트-리테일
   ㄴ 마케팅액션 · 담당 미지정❗
5. 오아소닉플로우-베이지
   ㄴ 마케팅액션 · 담당 미지정❗
6. 오아뿌리볼륨고데기-블랙
   ㄴ 마케팅액션 · 담당 미지정❗

⚠️ 확인: 메타광고 데이터 누락

👉 oa-dashboard2.vercel.app
  조회 중... 10186행 (D-76~)  조회 중... 13587행 (D-69~)  매출 조회 중... 7688행 (D-180~)스마트스토어 동기화 실패: 토큰 실패: {"code":"GW.IP_NOT_ALLOWED","message":"호출이 허용되지 않은 IP입니다.","timestamp":"2026-09-08T09:25:00.627+09:00","traceId":"AaAYlkBsfUaXMAWmvWamgw^1787118894419^133520517"}
  조회 중... 16943행 (D-62~)조회 기간: 2026-08-09 ~ 2026-09-07
  page 1/3 — 누적 100행
  page 2/3 — 누적 200행
  page 3/3 — 누적 275행
  활성 page 1/1 — 누적 52행
활성 판정 — 송출 중 47개 · 꺼짐 228개
소재 275행 · 총비용 15,404,080원 · 구매완료 446 · 전환매출 24,375,430원 · ROAS 158%
업로드 완료 — 275행, targetRoas 300% 유지
대시보드 GFA 탭 새로고침하면 반영됩니다
  조회 중... 20309행 (D-55~)시트 마지막 날짜: 2026-09-06
메타 인사이트 조회: 2026-09-01 ~ 2026-09-07
메타 토큰 만료/무효 — scripts/meta-token-renew.py 로 갱신 필요
{"error":{"message":"Application request limit reached","type":"OAuthException","is_transient":true,"code":4,"error_subcode":1504022,"error_user_title":"API \uc694\uccad\uc774 \ub108\ubb34 \ub9ce\uc74c","error_user_msg":"\uc774 \uc571\uc5d0\uc11c \ub108\ubb34 \ub9ce\uc774 \ud638\ucd9c\ud588\uc2b5\ub2c8\ub2e4. \uc7a0\uc2dc \uae30\ub2e4\ub9b0 \ud6c4\uc5d0 \ub2e4\uc2dc \uc2dc\ub3c4\ud574\uc8fc\uc138\
  조회 중... 23770행 (D-48~)  매출 조회 중... 15597행 (D-150~)  조회 중... 25254행 (D-41~)  조회 중... 25254행 (D-34~)  조회 중... 25254행 (D-27~)  조회 중... 25254행 (D-20~)  조회 중... 25254행 (D-13~)  조회 중... 25254행 (D-6~)
  → 키워드 529개 · 25254행 (90일)
  조회 중... 0행  → payload 451KB
✅ 동기화 완료
📣 아침 광고 브리핑 (가중구매=클릭+뷰×0.3)

━━ 📈 메타 (어제)
합계 ₩1,436,654 · 클릭구매 15 (+뷰 72) · ROAS 2.5 · 가중CPA ₩39,253
· 부스터팀_구강가전_전환: ₩908,914 · 구매 2+뷰15 · ROAS 0.7 ⚠️점검
· 부스터팀_뷰티가전_전환: ₩340,352 · 구매 11+뷰57 · ROAS 8.4
· 부스터팀_구강가전_트래픽: ₩91,522 · 구매 2+뷰0 · ROAS 0.8 ⚠️점검
· 부스터팀_뷰티가전_트래픽: ₩49,292 · 구매 0+뷰0 · ROAS 0.0 ⚠️점검
· 욕실팀_클린이스쿨_트래픽: ₩46,574 · 구매 0+뷰0 · ROAS 0.0 ⚠️점검

━━ 📣 메타 룰 판정 (7일)

⛔ 중지 추천 10건
· [부스터팀_구강가전_전환] [추석]클린이스윙P+미세모 증정_전환_성과 잘나온 애들
  7일 ₩106,527 지출, 구매 0 → OFF 권고
· [부스터팀_구강가전_전환] [추석]클린이스윙P+미세모 증정_전환_스토리
  7일 ₩658,754 지출, CPA ₩121,991 → OFF 권고
· [부스터팀_구강가전_전환] [추석]클린이스윙P+미세모 증정_전환 5
  7일 ₩672,006 지출, CPA ₩61,652 → OFF 권고
· [부스터팀_구강가전_전환] [추석]클린이스윙P+미세모 증정_전환 4
  7일 ₩670,732 지출, CPA ₩447,155 → OFF 권고
· [부스터팀_구강가전_전환] [추석]클린이스윙P+미세모 증정_전환 3
  7일 ₩660,852 지출, CPA ₩188,815 → OFF 권고
· [부스터팀_구강가전_전환] [추석]클린이스윙P+미세모 증정_전환 2
  7일 ₩648,205 지출, CPA ₩216,068 → OFF 권고
· [부스터팀_구강가전_전환] [추석]클린이스윙P+미세모 증정_전환 1
  7일 ₩665,347 지출, CPA ₩221,782 → OFF 권고
· [부스터팀_구강가전_전환] 클린이워터B_전환
  7일 ₩498,573 지출, CPA ₩131,203 → OFF 권고
· [부스터팀_구강가전_전환] 클린이스윙P_전환
  7일 ₩426,942 지출, CPA ₩54,736 → OFF 권고
· [부스터팀_구강가전_전환] [행사X]클린이워터B+거치대_전환
  7일 ₩281,584 지출, CPA ₩61,214 → OFF 권고

(트래픽 목표 세트 19개는 CPA 룰 제외)

━━ 🛒 네이버 검색광고 (어제)
합계 ₩2,113,346 · 전환 658 · ROAS 18.1
· 상품형_욕실: ₩637,724 · 전환 180 · ROAS 18.9
· 상품형_이미용: ₩354,185 · 전환 136 · ROAS 23.5
· 상품형_건강: ₩270,796 · 전환 54 · ROAS 11.4
· 상품형_모바일: ₩177,293 · 전환 48 · ROAS 10.6
· 상품형_인테리어: ₩168,355 · 전환 44 · ROAS 13.9
· 상품형_계절가전: ₩127,465 · 전환 37 · ROAS 17.5

━━ 🚀 AD부스터 (7일)
AD부스터/ADVoost 합계 ₩7,214,419 · 전환 1385 · ROAS 12.5 (2026.09.01~2026.09.07)
· [k2ci00] 아이스볼트맥스, 아이스볼트미스트: ₩951,481 · ROAS 4.8
· [오아운영] 이미용: ₩939,204 · ROAS 29.6
· [오아운영] 건강가전팀: ₩936,799 · ROAS 11.0
· [오아운영] 욕실가전: ₩913,566 · ROAS 26.5
· [k2ci00] 넥밴드선풍기: ₩661,577 · ROAS 1.3 ⚠️점검
· [오아운영] 모바일: ₩620,053 · ROAS 8.0
· [k2ci00] 탁상용선풍기: ₩479,423 · ROAS 14.0
· [k2ci00] 아이스볼트폴드: ₩440,513 · ROAS 3.5

━━ 📊 GFA (어제)
합계 ₩680,049 · 구매 27 · ROAS 2.1
· 클린이스윙P_추석 티저: ₩282,932 · ROAS 0.6 ⚠️점검
· 드라이기_전환: ₩204,692 · ROAS 3.4
· 드라이기_맞춤타겟: ₩98,393 · ROAS 4.1
· 구강가전_맞춤타겟: ₩94,032 · ROAS 0.9 ⚠️점검
· 오아데이_전환: ₩0 · ROAS 0.0
→ 텔레그램 발송 완료
  매출 조회 중... 23482행 (D-120~)  매출 조회 중... 31248행 (D-90~)  매출 조회 중... 39100행 (D-60~)  매출 조회 중... 47060행 (D-30~)
  → 품목 384개 · 일별 47060행 (180일)
  조회 중... 200행  조회 중... 323행
  → 작년 동기 데이터 323개 품목
  네이버 광고 조회 중... 0행 (D-180~)  네이버 광고 조회 중... 0행 (D-150~)  네이버 광고 조회 중... 7538행 (D-120~)  네이버 광고 조회 중... 30877행 (D-90~)  네이버 광고 조회 중... 40256행 (D-60~)  네이버 광고 조회 중... 40256행 (D-30~)
  → 네이버 광고그룹 819개 중 490개 제품 매칭
  조회 중... 15행
  → payload 1489KB
✅ 동기화 완료
발송: 미지정 6건
──── 미리보기 ────
📊 부스터즈 광고 리포트 (9/7 월)
총 광고비 207만원

── 메타 전환 ──
124.9만원  (평소 +24%)
클릭 2,948 · 랜딩 57% · CPC 424원

── 메타 트래픽 ──
14.1만원  (평소 +3%)
클릭 579 · 랜딩 88% · CPC 243원

── GFA ──
68만원  (평소 +22%)
클릭 930 · 구매 27건 · 구매당 2.5만원 · ROAS 209%

── GFA 캠페인 TOP3 ──
1. 클린이스윙P_추석 티저  28.3만원 · ROAS 58%
2. 드라이기_전환  20.5만원 · ROAS 344%
3. 드라이기_맞춤타겟  9.8만원 · ROAS 412%

── 신규 광고 (오늘) ──
메타: [트래픽] 물결고데기 파트너쉽, [트래픽] 추석_클린이스윙P+미세모 증정 2, [트래픽] 추석_클린이스윙P+미세모 증정 1
GFA: 없음
─────────────────
발송 완료 → jmpark@oa-world.com
발송 완료 → kkeim@oa-world.com
[2026. 9. 9. AM 7:00:00] 이미용 동기화 시작 (MCP 경유, 최근 30일)
MySQL(MCP) 조회 중...
  조회 중... 200건  조회 중... 400건  조회 중... 600건  조회 중... 800건  조회 중... 1000건  조회 중... 1200건  조회 중... 1400건  조회 중... 1600건  조회 중... 1800건  조회 중... 2000건  조회 중... 2200건  조회 중... 2400건  조회 중... 2600건  조회 중... 2800건  조회 중... 3000건  조회 중... 3200건  조회 중... 3400건  조회 중... 3600건  조회 중... 3800건  조회 중... 4000건  조회 중... 4200건  조회 중... 4400건  조회 중... 4600건  조회 중... 4800건  조회 중... 5000건  조회 중... 5200건  조회 중... 5400건  조회 중... 5600건  조회 중... 5800건  조회 중... 6000건  조회 중... 6200건  조회 중... 6400건  조회 중... 6600건  조회 중... 6800건  조회 중... 7000건  조회 중... 7200건  조회 중... 7400건  조회 중... 7600건  조회 중... 7800건  조회 중... 8000건  조회 중... 8200건  조회 중... 8400건  조회 중... 8600건  조회 중... 8800건  조회 중... 9000건  조회 중... 9200건  조회 중... 9400건  조회 중... 9600건  조회 중... 9800건  조회 중... 10000건  조회 중... 10200건  조회 중... 10400건  조회 중... 10600건  조회 중... 10800건  조회 중... 11000건  조회 중... 11200건  조회 중... 11400건  조회 중... 11600건  조회 중... 11800건  조회 중... 12000건  조회 중... 12200건  조회 중... 12400건  조회 중... 12600건  조회 중... 12800건  조회 중... 13000건  조회 중... 13200건  조회 중... 13400건  조회 중... 13600건  조회 중... 13800건  조회 중... 14000건  조회 중... 14200건  조회 중... 14400건  조회 중... 14600건  조회 중... 14800건  조회 중... 15000건  조회 중... 15200건  조회 중... 15400건  조회 중... 15600건  조회 중... 15800건  조회 중... 16000건  조회 중... 16200건  조회 중... 16400건  조회 중... 16600건  조회 중... 16634건
  → 16634건 조회됨
Supabase 업로드 중...
  ↑ 500/16634건 완료
  ↑ 1000/16634건 완료
  ↑ 1500/16634건 완료
  ↑ 2000/16634건 완료
  ↑ 2500/16634건 완료
  ↑ 3000/16634건 완료
  ↑ 3500/16634건 완료
  ↑ 4000/16634건 완료
  ↑ 4500/16634건 완료
  ↑ 5000/16634건 완료
  ↑ 5500/16634건 완료
❌ 오류: Supabase upsert 실패: {"code":"21000","details":null,"hint":"Ensure that no rows proposed for insertion within the same command have duplicate constrained values.","message":"ON CONFLICT DO UPDATE command cannot affect row a second time"}
쿠팡 파일 없음
지그재그 파일 없음
경고: 쿠팡: 파일 없음; 지그재그: 파일 없음
업서트 대상: 0행 (2026-08-05 ~ 2026-09-09)
[2026. 9. 9. AM 9:05:00] 랭킹 실판매 동기화 시작
  조회 중... 10행
  → 10행 조회
✅ 동기화 완료
[2026. 9. 9. AM 9:10:00] 전제품 검색순위 동기화 시작
[2026. 9. 9. AM 9:15:00] 우선순위 동기화 시작
  조회 중... 3434행 (D-90~)발송 완료 (썸네일 0장):
📋 9/9(수) 아침 브리핑

🎯 오늘의 가설 6건
1. 오아무선판고데기-포그밀크-리테일
   ㄴ 원인분석 · 담당 미지정❗
2. 오아에어리라이트-화이트-리테일
   ㄴ 원인분석 · 담당 미지정❗
3. 오아뿌리볼륨고데기-블랙
   ㄴ 원인분석 · 담당 미지정❗
4. 오아에어리소닉드라이기-베이지
   ㄴ 마케팅액션 · 담당 미지정❗
5. 오아물결고데기
   ㄴ 마케팅액션 · 담당 미지정❗
6. 오아소닉플로우-베이지
   ㄴ 마케팅액션 · 담당 미지정❗

⚠️ 확인: 메타광고 데이터 누락

👉 oa-dashboard2.vercel.app
  조회 중... 6765행 (D-83~)스마트스토어 동기화 실패: 토큰 실패: {"code":"GW.IP_NOT_ALLOWED","message":"호출이 허용되지 않은 IP입니다.","timestamp":"2026-09-09T09:25:01.698+09:00","traceId":"AaAYljVddEmBVLX8eTkDZg^1787118891744^142554689"}
  조회 중... 10171행 (D-76~)  매출 조회 중... 7660행 (D-180~)  조회 중... 13580행 (D-69~)조회 기간: 2026-08-10 ~ 2026-09-08
  page 1/3 — 누적 100행
  page 2/3 — 누적 200행
  page 3/3 — 누적 270행
  활성 page 1/1 — 누적 45행
활성 판정 — 송출 중 44개 · 꺼짐 226개
소재 270행 · 총비용 15,441,791원 · 구매완료 438 · 전환매출 23,941,620원 · ROAS 155%
업로드 완료 — 270행, targetRoas 300% 유지
대시보드 GFA 탭 새로고침하면 반영됩니다
❌ 오류: fetch failed
시트 마지막 날짜: 2026-09-06
메타 인사이트 조회: 2026-09-02 ~ 2026-09-08
526행 (7일: 2026-09-02 ~ 2026-09-08)
웹앱 응답: {'ok': True, 'removed': 374, 'added': 526, 'total': 20657}
완료 — 대시보드 메타 탭 새로고침하면 반영됩니다
  매출 조회 중... 15604행 (D-150~)📣 아침 광고 브리핑 (가중구매=클릭+뷰×0.3)

━━ 📈 메타 (어제)
합계 ₩1,445,726 · 클릭구매 22 (+뷰 59) · ROAS 2.7 · 가중CPA ₩36,416
· 부스터팀_구강가전_전환: ₩831,145 · 구매 5+뷰13 · ROAS 0.9 ⚠️점검
· 부스터팀_뷰티가전_전환: ₩339,122 · 구매 15+뷰45 · ROAS 8.8
· 부스터팀_구강가전_트래픽: ₩137,863 · 구매 1+뷰0 · ROAS 0.3 ⚠️점검
· 부스터팀_뷰티가전_트래픽: ₩92,190 · 구매 1+뷰0 · ROAS 0.6 ⚠️점검
· 욕실팀_클린이스쿨_트래픽: ₩45,406 · 구매 0+뷰1 · ROAS 1.5

━━ 📣 메타 룰 판정 (7일)

⛔ 중지 추천 9건
· [부스터팀_구강가전_전환] [추석]클린이스윙P+미세모 증정_전환_스토리
  7일 ₩603,382 지출, CPA ₩81,538 → OFF 권고
· [부스터팀_구강가전_전환] [추석]클린이스윙P+미세모 증정_전환 5
  7일 ₩621,010 지출, CPA ₩90,001 → OFF 권고
· [부스터팀_구강가전_전환] [추석]클린이스윙P+미세모 증정_전환 4
  7일 ₩618,775 지출, CPA ₩343,764 → OFF 권고
· [부스터팀_구강가전_전환] [추석]클린이스윙P+미세모 증정_전환 3
  7일 ₩613,789 지출, CPA ₩146,140 → OFF 권고
· [부스터팀_구강가전_전환] [추석]클린이스윙P+미세모 증정_전환 2
  7일 ₩583,805 지출, CPA ₩132,683 → OFF 권고
· [부스터팀_구강가전_전환] [추석]클린이스윙P+미세모 증정_전환 1
  7일 ₩617,096 지출, CPA ₩228,554 → OFF 권고
· [부스터팀_구강가전_전환] 클린이워터B_전환
  7일 ₩505,463 지출, CPA ₩174,298 → OFF 권고
· [부스터팀_구강가전_전환] 클린이스윙P_전환
  7일 ₩427,166 지출, CPA ₩57,725 → OFF 권고
· [부스터팀_구강가전_전환] [행사X]클린이워터B+거치대_전환
  7일 ₩281,319 지출, CPA ₩57,412 → OFF 권고

(트래픽 목표 세트 21개는 CPA 룰 제외)

━━ 🛒 네이버 검색광고 (어제)
합계 ₩2,077,749 · 전환 580 · ROAS 17.2
· 상품형_욕실: ₩621,300 · 전환 156 · ROAS 16.6
· 상품형_이미용: ₩346,945 · 전환 120 · ROAS 22.1
· 상품형_건강: ₩286,484 · 전환 56 · ROAS 12.9
· 상품형_계절가전: ₩151,176 · 전환 35 · ROAS 13.5
· 상품형_모바일: ₩149,077 · 전환 32 · ROAS 5.9
· 상품형_인테리어: ₩141,902 · 전환 52 · ROAS 19.5

━━ 📊 GFA (어제)
합계 ₩564,426 · 구매 11 · ROAS 1.1
· 드라이기_전환: ₩216,608 · ROAS 1.4
· 클린이스윙P_추석 티저: ₩150,292 · ROAS 1.4
· 드라이기_맞춤타겟: ₩99,392 · ROAS 0.8 ⚠️점검
· 구강가전_맞춤타겟: ₩98,134 · ROAS 0.0 ⚠️점검
· 구강가전_전환: ₩0 · ROAS 0.0
→ 텔레그램 발송 완료
  매출 조회 중... 23474행 (D-120~)  매출 조회 중... 31243행 (D-90~)  매출 조회 중... 39080행 (D-60~)  매출 조회 중... 47094행 (D-30~)
  → 품목 385개 · 일별 47094행 (180일)
  조회 중... 200행  조회 중... 323행
  → 작년 동기 데이터 323개 품목
  네이버 광고 조회 중... 0행 (D-180~)  네이버 광고 조회 중... 0행 (D-150~)  네이버 광고 조회 중... 8316행 (D-120~)  네이버 광고 조회 중... 31657행 (D-90~)  네이버 광고 조회 중... 40256행 (D-60~)  네이버 광고 조회 중... 40256행 (D-30~)
  → 네이버 광고그룹 819개 중 490개 제품 매칭
  조회 중... 15행
  → payload 1490KB
✅ 동기화 완료
발송: 미지정 6건
──── 미리보기 ────
📊 부스터즈 광고 리포트 (9/8 화)
총 광고비 196.5만원

── 메타 전환 ──
117만원  (평소 +6%)
클릭 2,726 · 랜딩 58% · CPC 429원

── 메타 트래픽 ──
23만원  (평소 +53%)
클릭 1,367 · 랜딩 82% · CPC 168원

── GFA ──
56.4만원  (평소 -6%)
클릭 821 · 구매 11건 · 구매당 5.1만원 · ROAS 115%

── GFA 캠페인 TOP3 ──
1. 드라이기_전환  21.7만원 · ROAS 145%
2. 클린이스윙P_추석 티저  15만원 · ROAS 140%
3. 드라이기_맞춤타겟  9.9만원 · ROAS 84%

── 신규 광고 (오늘) ──
메타: 물결고데기 파트너쉽2, 듀얼포켓건_talk, 듀얼포켓건_v4_qa, 듀얼포켓건_v4_cat 외 4개
GFA: 없음
─────────────────
발송 완료 → jmpark@oa-world.com
발송 완료 → kkeim@oa-world.com
쿠팡 파일 없음
지그재그 파일 없음
경고: 쿠팡: 파일 없음; 지그재그: 파일 없음
업서트 대상: 0행 (2026-08-06 ~ 2026-09-10)
[2026. 9. 10. AM 9:05:00] 랭킹 실판매 동기화 시작
  조회 중... 10행
  → 10행 조회
✅ 동기화 완료
[2026. 9. 10. AM 9:10:00] 전제품 검색순위 동기화 시작
  조회 중... 3424행 (D-90~)❌ 오류: fetch failed
[2026. 9. 10. AM 9:15:00] 우선순위 동기화 시작
❌ 오류: fetch failed
실패: fetch failed
스마트스토어 동기화 실패: fetch failed
조회 기간: 2026-08-11 ~ 2026-09-09
  page 1/3 — 누적 100행
  page 2/3 — 누적 200행
  page 3/3 — 누적 267행
  활성 page 1/1 — 누적 58행
활성 판정 — 송출 중 55개 · 꺼짐 212개
소재 267행 · 총비용 15,429,701원 · 구매완료 430 · 전환매출 23,643,000원 · ROAS 153%
업로드 완료 — 267행, targetRoas 300% 유지
대시보드 GFA 탭 새로고침하면 반영됩니다
시트 마지막 날짜: 2026-09-08
메타 인사이트 조회: 2026-09-03 ~ 2026-09-09
534행 (7일: 2026-09-03 ~ 2026-09-09)
웹앱 응답: {'ok': True, 'removed': 447, 'added': 534, 'total': 20744}
완료 — 대시보드 메타 탭 새로고침하면 반영됩니다
📣 아침 광고 브리핑 (가중구매=클릭+뷰×0.3)

━━ 📈 메타 (어제)
합계 ₩1,339,393 · 클릭구매 11 (+뷰 63) · ROAS 2.5 · 가중CPA ₩44,796
· 부스터팀_구강가전_전환: ₩564,716 · 구매 2+뷰14 · ROAS 1.3
· 부스터팀_뷰티가전_전환: ₩357,731 · 구매 8+뷰45 · ROAS 6.7
· 부스터팀_구강가전_트래픽: ₩202,133 · 구매 0+뷰4 · ROAS 0.6 ⚠️점검
· 부스터팀_뷰티가전_트래픽: ₩144,776 · 구매 0+뷰0 · ROAS 0.0 ⚠️점검
· 욕실팀_클린이스쿨_트래픽: ₩43,429 · 구매 1+뷰0 · ROAS 0.8 ⚠️점검

━━ 📣 메타 룰 판정 (7일)

⛔ 중지 추천 10건
· [부스터팀_구강가전_전환] [추석]클린이스윙P+미세모 증정_전환_성과 잘나온 애들
  7일 ₩289,285 지출, CPA ₩241,071 → OFF 권고
· [부스터팀_구강가전_전환] [추석]클린이스윙P+미세모 증정_전환_스토리
  7일 ₩570,601 지출, CPA ₩64,841 → OFF 권고
· [부스터팀_구강가전_전환] [추석]클린이스윙P+미세모 증정_전환 5
  7일 ₩583,343 지출, CPA ₩92,594 → OFF 권고
· [부스터팀_구강가전_전환] [추석]클린이스윙P+미세모 증정_전환 4
  7일 ₩581,025 지출, CPA ₩387,350 → OFF 권고
· [부스터팀_구강가전_전환] [추석]클린이스윙P+미세모 증정_전환 3
  7일 ₩589,476 지출, CPA ₩140,351 → OFF 권고
· [부스터팀_구강가전_전환] [추석]클린이스윙P+미세모 증정_전환 2
  7일 ₩552,651 지출, CPA ₩145,434 → OFF 권고
· [부스터팀_구강가전_전환] [추석]클린이스윙P+미세모 증정_전환 1
  7일 ₩578,872 지출, CPA ₩192,957 → OFF 권고
· [부스터팀_구강가전_전환] 클린이워터B_전환
  7일 ₩500,750 지출, CPA ₩143,071 → OFF 권고
· [부스터팀_구강가전_전환] 클린이스윙P_전환
  7일 ₩425,343 지출, CPA ₩49,458 → OFF 권고
· [부스터팀_구강가전_전환] [행사X]클린이워터B+거치대_전환
  7일 ₩279,761 지출, CPA ₩50,866 → OFF 권고

(트래픽 목표 세트 22개는 CPA 룰 제외)

━━ 🛒 네이버 검색광고 (어제)
합계 ₩2,072,993 · 전환 510 · ROAS 13.7
· 상품형_욕실: ₩595,958 · 전환 135 · ROAS 12.9
· 상품형_이미용: ₩341,826 · 전환 120 · ROAS 20.2
· 상품형_건강: ₩253,734 · 전환 33 · ROAS 6.9
· 상품형_계절가전: ₩199,950 · 전환 34 · ROAS 11.2
· 상품형_모바일: ₩153,518 · 전환 40 · ROAS 10.6
· 상품형_인테리어: ₩138,101 · 전환 26 · ROAS 9.6

━━ 🚀 AD부스터 (7일)
AD부스터/ADVoost 합계 ₩7,220,135 · 전환 1382 · ROAS 12.5 (2026.09.03~2026.09.09)
· [k2ci00] 아이스볼트맥스, 아이스볼트미스트: ₩961,663 · ROAS 4.3
· [오아운영] 이미용: ₩933,062 · ROAS 27.0
· [오아운영] 건강가전팀: ₩931,612 · ROAS 9.6
· [오아운영] 욕실가전: ₩923,709 · ROAS 27.3
· [오아운영] 모바일: ₩621,840 · ROAS 8.4
· [k2ci00] 넥밴드선풍기: ₩604,307 · ROAS 1.6 ⚠️점검
· [k2ci00] 탁상용선풍기: ₩488,377 · ROAS 12.5
· [오아운영] ADVoost 쇼핑 부스트 업: ₩461,141 · ROAS 22.0

━━ 📊 GFA (어제)
합계 ₩493,549 · 구매 12 · ROAS 1.2
· 드라이기_전환: ₩205,357 · ROAS 1.4
· 드라이기_맞춤타겟: ₩97,439 · ROAS 0.5 ⚠️점검
· 클린이스윙P_추석 티저: ₩95,778 · ROAS 0.5 ⚠️점검
· 구강가전_맞춤타겟: ₩94,975 · ROAS 1.1
· 구강가전_전환: ₩0 · ROAS 0.0
→ 텔레그램 발송 완료
발송: 미지정 6건
📊 카카오선물하기 트래픽 9/8~9/10 (9/10 17:30 기준)
메타: 61,115원 · 359클릭 · CPC 170원 · CPM 3,804원
X (트위터): 103,474원 · 475클릭 · CPC 218원 · CPM 599원
표 이미지: https://lugqeflqusqsyotdiaxg.supabase.co/storage/v1/object/public/detail-assets/reports/kakao-traffic/2026-09-10.png?v=1789029007
──── 미리보기 ────
📊 부스터즈 광고 리포트 (9/9 수)
총 광고비 179만원

── 메타 전환 ──
92.3만원  (평소 -13%)
클릭 2,103 · 랜딩 58% · CPC 439원

── 메타 트래픽 ──
37.4만원  (평소 +124%)
클릭 2,124 · 랜딩 75% · CPC 176원

── GFA ──
49.4만원  (평소 -21%)
클릭 791 · 구매 12건 · 구매당 4.1만원 · ROAS 115%

── GFA 캠페인 TOP3 ──
1. 드라이기_전환  20.5만원 · ROAS 136%
2. 드라이기_맞춤타겟  9.7만원 · ROAS 48%
3. 클린이스윙P_추석 티저  9.6만원 · ROAS 53%

── 신규 광고 (오늘) ──
메타: 플렌티플렛_추석_plentyflat_2_플렌티플렛, 바디스팟 Knee_실사모델_bodyspot_0_바디스팟 Knee, 롤링스팟_신패턴_rollingspot_3_롤링스팟, 롤링스팟_신패턴_rollingspot_1_롤링스팟 외 20개
GFA: 없음
─────────────────
발송 완료 → jmpark@oa-world.com
발송 완료 → kkeim@oa-world.com
🏆 선물하기 랭킹 (전일 대비): 바디스팟 Knee 건강가전 94위 · 롤링스팟 건강가전 60위 · 듀얼포켓건 건강가전 7위 ▲55
랭킹 표: https://lugqeflqusqsyotdiaxg.supabase.co/storage/v1/object/public/detail-assets/reports/kakao-traffic/rank-2026-09-10.png?v=1789029017
→ 웍스 발송: kkeim@oa-world.com
[2026. 9. 11. AM 7:00:00] 이미용 동기화 시작 (MCP 경유, 최근 30일)
MySQL(MCP) 조회 중...
  조회 중... 200건  조회 중... 400건  조회 중... 600건  조회 중... 800건  조회 중... 1000건  조회 중... 1200건  조회 중... 1400건  조회 중... 1600건  조회 중... 1800건  조회 중... 2000건  조회 중... 2200건  조회 중... 2400건  조회 중... 2600건  조회 중... 2800건  조회 중... 3000건  조회 중... 3200건  조회 중... 3400건  조회 중... 3600건  조회 중... 3800건  조회 중... 4000건  조회 중... 4200건  조회 중... 4400건  조회 중... 4600건  조회 중... 4800건  조회 중... 5000건  조회 중... 5200건  조회 중... 5400건  조회 중... 5600건  조회 중... 5800건  조회 중... 6000건  조회 중... 6200건  조회 중... 6400건  조회 중... 6600건  조회 중... 6800건  조회 중... 7000건  조회 중... 7200건  조회 중... 7400건  조회 중... 7600건  조회 중... 7800건  조회 중... 8000건  조회 중... 8200건  조회 중... 8400건  조회 중... 8600건  조회 중... 8800건  조회 중... 9000건  조회 중... 9200건  조회 중... 9400건  조회 중... 9600건  조회 중... 9800건  조회 중... 10000건  조회 중... 10200건  조회 중... 10400건  조회 중... 10600건  조회 중... 10800건  조회 중... 11000건  조회 중... 11200건  조회 중... 11400건  조회 중... 11600건  조회 중... 11800건  조회 중... 12000건  조회 중... 12200건  조회 중... 12400건  조회 중... 12600건  조회 중... 12800건  조회 중... 13000건  조회 중... 13200건  조회 중... 13400건  조회 중... 13600건  조회 중... 13800건  조회 중... 14000건  조회 중... 14200건  조회 중... 14400건  조회 중... 14600건  조회 중... 14800건  조회 중... 15000건  조회 중... 15200건  조회 중... 15400건  조회 중... 15600건  조회 중... 15800건  조회 중... 16000건  조회 중... 16200건  조회 중... 16400건  조회 중... 16596건
  → 16596건 조회됨
Supabase 업로드 중...
  ↑ 500/16596건 완료
  ↑ 1000/16596건 완료
❌ 오류: Supabase upsert 실패: {"code":"21000","details":null,"hint":"Ensure that no rows proposed for insertion within the same command have duplicate constrained values.","message":"ON CONFLICT DO UPDATE command cannot affect row a second time"}
쿠팡 파일 없음
지그재그 파일 없음
경고: 쿠팡: 파일 없음; 지그재그: 파일 없음
업서트 대상: 0행 (2026-08-07 ~ 2026-09-11)
[2026. 9. 11. AM 9:05:00] 랭킹 실판매 동기화 시작
  조회 중... 10행
  → 10행 조회
✅ 동기화 완료
[2026. 9. 11. AM 9:10:00] 전제품 검색순위 동기화 시작
  조회 중... 3414행 (D-90~)[2026. 9. 11. AM 9:15:00] 우선순위 동기화 시작
  조회 중... 6773행 (D-83~)  조회 중... 10164행 (D-76~)발송 완료 (썸네일 5장):
📋 9/11(금) 아침 브리핑

🎨 소재 검토 5건 (평균 CTR 1.50%)
1. [행사X]에어리소닉_영상1
   ㄴ 7일 55만원 · CTR 0.56%
   ㄴ 재제작: oa-dashboard2.vercel.app/?recreate=%5B%ED%96%89%EC%82%ACX%5D%EC%97%90%EC%96%B4%EB%A6%AC%EC%86%8C%EB%8B%89_%EC%98%81%EC%83%811
2. 클린이워터B_실제후기
   ㄴ 7일 13만원 · CTR 0.73%
   ㄴ 재제작: oa-dashboard2.vercel.app/?recreate=%ED%81%B4%EB%A6%B0%EC%9D%B4%EC%9B%8C%ED%84%B0B_%EC%8B%A4%EC%A0%9C%ED%9B%84%EA%B8%B0
3. 클린이스윙p_미세모_추석기획전
   ㄴ 7일 11만원 · CTR 0.59%
   ㄴ 재제작: oa-dashboard2.vercel.app/?recreate=%ED%81%B4%EB%A6%B0%EC%9D%B4%EC%8A%A4%EC%9C%99p_%EB%AF%B8%EC%84%B8%EB%AA%A8_%EC%B6%94%EC%84%9D%EA%B8%B0%ED%9A%8D%EC%A0%84
4. 클린이스윙p_금액강조형
   ㄴ 7일 11만원 · CTR 0.61%
   ㄴ 재제작: oa-dashboard2.vercel.app/?recreate=%ED%81%B4%EB%A6%B0%EC%9D%B4%EC%8A%A4%EC%9C%99p_%EA%B8%88%EC%95%A1%EA%B0%95%EC%A1%B0%ED%98%95
5. 클린이스윙p_미세모_부모님 - 사본
   ㄴ 7일 11만원 · CTR 0.35%
   ㄴ 재제작: oa-dashboard2.vercel.app/?recreate=%ED%81%B4%EB%A6%B0%EC%9D%B4%EC%8A%A4%EC%9C%99p_%EB%AF%B8%EC%84%B8%EB%AA%A8_%EB%B6%80%EB%AA%A8%EB%8B%98%20-%20%EC%82%AC%EB%B3%B8

🎯 오늘의 가설 6건
1. 오아무선판고데기-포그밀크-리테일
   ㄴ 원인분석 · 담당 미지정❗
2. 오아에어리소닉드라이기-베이지
   ㄴ 원인분석 · 담당 미지정❗
3. 오아물결고데기
   ㄴ 원인분석 · 담당 미지정❗
4. 오아에어리소닉드라이기-베이지
   ㄴ 마케팅액션 · 담당 미지정❗
5. 오아물결고데기
   ㄴ 마케팅액션 · 담당 미지정❗
6. 오아소닉플로우-베이지
   ㄴ 마케팅액션 · 담당 미지정❗

⚠️ 확인: 메타광고 데이터 누락

👉 oa-dashboard2.vercel.app
  조회 중... 13503행 (D-69~)  매출 조회 중... 7672행 (D-180~)  조회 중... 16866행 (D-62~)스마트스토어 동기화 실패: 토큰 실패: {"code":"GW.IP_NOT_ALLOWED","message":"호출이 허용되지 않은 IP입니다.","timestamp":"2026-09-11T09:25:01.805+09:00","traceId":"AaAYlkBsfUaXMAWmvWamgw^1787118894419^154253166"}
  조회 중... 20317행 (D-55~)  조회 중... 23772행 (D-48~)  조회 중... 23772행 (D-41~)  조회 중... 23772행 (D-34~)  조회 중... 23772행 (D-27~)  조회 중... 23772행 (D-20~)  조회 중... 23772행 (D-13~)  조회 중... 23772행 (D-6~)
  → 키워드 529개 · 23772행 (90일)
  조회 중... 0행  → payload 425KB
✅ 동기화 완료
  매출 조회 중... 15653행 (D-150~)조회 기간: 2026-08-12 ~ 2026-09-10
  page 1/3 — 누적 100행
  page 2/3 — 누적 200행
  page 3/3 — 누적 266행
  활성 page 1/1 — 누적 54행
활성 판정 — 송출 중 53개 · 꺼짐 213개
소재 266행 · 총비용 15,342,689원 · 구매완료 418 · 전환매출 22,847,000원 · ROAS 149%
업로드 완료 — 266행, targetRoas 300% 유지
대시보드 GFA 탭 새로고침하면 반영됩니다
시트 마지막 날짜: 2026-09-09
메타 인사이트 조회: 2026-09-04 ~ 2026-09-10
554행 (7일: 2026-09-04 ~ 2026-09-10)
웹앱 응답: {'ok': True, 'removed': 455, 'added': 554, 'total': 20843}
완료 — 대시보드 메타 탭 새로고침하면 반영됩니다
  매출 조회 중... 23496행 (D-120~)📣 아침 광고 브리핑 (가중구매=클릭+뷰×0.3)

━━ 📈 메타 (어제)
합계 ₩1,219,249 · 클릭구매 11 (+뷰 61) · ROAS 2.0 · 가중CPA ₩41,613
· 부스터팀_구강가전_전환: ₩421,357 · 구매 3+뷰20 · ROAS 1.3
· 부스터팀_뷰티가전_전환: ₩312,152 · 구매 7+뷰36 · ROAS 5.2
· 부스터팀_구강가전_트래픽: ₩227,678 · 구매 0+뷰2 · ROAS 0.4 ⚠️점검
· 부스터즈팀_카카오선물하기_트래픽: ₩109,981 · 구매 0+뷰0 · ROAS 0.0 ⚠️점검
· 부스터팀_뷰티가전_트래픽: ₩103,435 · 구매 1+뷰1 · ROAS 0.7 ⚠️점검

━━ 📣 메타 룰 판정 (7일)

⛔ 중지 추천 4건
· [부스터팀_구강가전_전환] [추석]클린이스윙P+미세모 증정_전환_성과 잘나온 애들
  7일 ₩368,054 지출, CPA ₩72,167 → OFF 권고
· [부스터팀_구강가전_전환] 클린이워터B_전환
  7일 ₩497,350 지출, CPA ₩110,522 → OFF 권고
· [부스터팀_구강가전_전환] 클린이스윙P_전환
  7일 ₩424,507 지출, CPA ₩58,959 → OFF 권고
· [부스터팀_구강가전_전환] [행사X]클린이워터B+거치대_전환
  7일 ₩277,990 지출, CPA ₩86,872 → OFF 권고

(트래픽 목표 세트 29개는 CPA 룰 제외)

━━ 🛒 네이버 검색광고 (어제)
합계 ₩2,606,377 · 전환 518 · ROAS 13.1
· 상품형_계절가전: ₩778,718 · 전환 52 · ROAS 5.3
· 상품형_욕실: ₩637,962 · 전환 142 · ROAS 13.1
· 상품형_이미용: ₩323,549 · 전환 102 · ROAS 20.7
· 상품형_건강: ₩260,043 · 전환 40 · ROAS 10.0
· 상품형_모바일: ₩145,693 · 전환 20 · ROAS 5.7
· 상품형_인테리어: ₩129,131 · 전환 41 · ROAS 16.2

━━ 📊 GFA (어제)
합계 ₩440,147 · 구매 12 · ROAS 1.3
· 드라이기_전환: ₩200,416 · ROAS 1.4
· 드라이기_맞춤타겟: ₩100,043 · ROAS 1.2
· 구강가전_맞춤타겟: ₩95,558 · ROAS 0.5 ⚠️점검
· 클린이스윙P_추석 티저: ₩44,130 · ROAS 1.7
· 이미용_드라이기_트래픽: ₩0 · ROAS 0.0

━━ 📅 시즌
⏰ 추석 D-14 — 소재 준비: 기프트박스·장바구니 사전담기
→ 텔레그램 발송 완료
  매출 조회 중... 31243행 (D-90~)  매출 조회 중... 39130행 (D-60~)  매출 조회 중... 47136행 (D-30~)
  → 품목 385개 · 일별 47136행 (180일)
  조회 중... 200행  조회 중... 324행
  → 작년 동기 데이터 324개 품목
  네이버 광고 조회 중... 0행 (D-180~)  네이버 광고 조회 중... 0행 (D-150~)  네이버 광고 조회 중... 9873행 (D-120~)  네이버 광고 조회 중... 33214행 (D-90~)  네이버 광고 조회 중... 40256행 (D-60~)  네이버 광고 조회 중... 40256행 (D-30~)
  → 네이버 광고그룹 819개 중 490개 제품 매칭
  조회 중... 15행
  → payload 1491KB
✅ 동기화 완료
발송: 미지정 6건
📊 카카오선물하기 트래픽 9/8~9/11 (9/11 17:30 기준)
메타: 267,633원 · 1,463클릭 · CPC 183원 · CPM 4,208원
X (트위터): 135,387원 · 656클릭 · CPC 206원 · CPM 569원
표 이미지: https://lugqeflqusqsyotdiaxg.supabase.co/storage/v1/object/public/detail-assets/reports/kakao-traffic/2026-09-11.png?v=1789115408
──── 미리보기 ────
📊 부스터즈 광고 리포트 (9/10 목)
총 광고비 161.5만원

── 메타 전환 ──
73.4만원  (평소 -30%)
클릭 1,561 · 랜딩 50% · CPC 470원

── 메타 트래픽 ──
44.1만원  (평소 +121%)
클릭 2,246 · 랜딩 70% · CPC 196원

── GFA ──
44만원  (평소 -31%)
클릭 678 · 구매 12건 · 구매당 3.7만원 · ROAS 129%

── GFA 캠페인 TOP3 ──
1. 드라이기_전환  20만원 · ROAS 140%
2. 드라이기_맞춤타겟  10만원 · ROAS 123%
3. 구강가전_맞춤타겟  9.6만원 · ROAS 53%

── 신규 광고 (오늘) ──
메타: 퀵터보_3, 퀵터보_2, 퀵터보_1, 프리온 3 외 17개
GFA: 없음
─────────────────
발송 완료 → jmpark@oa-world.com
발송 완료 → kkeim@oa-world.com
🏆 선물하기 랭킹 (전일 대비): 듀얼포켓건 건강가전 25위 ▼18 · 롤링스팟 건강가전 49위 ▲11 · 바디스팟 Knee 건강가전 94위
랭킹 표: https://lugqeflqusqsyotdiaxg.supabase.co/storage/v1/object/public/detail-assets/reports/kakao-traffic/rank-2026-09-11.png?v=1789115423
📌 행동 제안
🔴 듀얼포켓건: 광고 집행 중인데 건강가전 7→25위 하락 → 클릭이 구매/위시로 안 이어짐, 상세·가격·증정 혜택 점검
🟡 프리온 메타: CPC 328원 (목표 150원의 219%) → 타겟 넓히기·입찰 상한 점검·저CPC 소재만 남기기
🟡 플렌티플렛 메타: CPC 234원 (목표 150원의 156%) → 타겟 넓히기·입찰 상한 점검·저CPC 소재만 남기기
🟡 오늘 신규 소재 20건 → 승인 후 2~3일 CPC 비교, 상위 30%만 남기고 정리
🟢 9/11 총 집행 157,671원 = 일 계획의 113% → 페이싱 정상
🟢 퀵터보 메타: CPC 126원 목표 달성 → 일예산 +20~30% 증액 후보
🟢 퀵터보: 충전기 195→111위 상승 → 유입이 랭킹에 반영 중, 현 예산 유지 또는 증액
🟢 롤링스팟: 건강가전 60→49위 상승 → 유입이 랭킹에 반영 중, 현 예산 유지 또는 증액
→ 웍스 발송: kkeim@oa-world.com
[2026. 9. 12. AM 7:00:01] 이미용 동기화 시작 (MCP 경유, 최근 30일)
MySQL(MCP) 조회 중...
  조회 중... 200건  조회 중... 400건  조회 중... 600건  조회 중... 800건  조회 중... 1000건  조회 중... 1200건  조회 중... 1400건  조회 중... 1600건  조회 중... 1800건  조회 중... 2000건  조회 중... 2200건  조회 중... 2400건  조회 중... 2600건  조회 중... 2800건  조회 중... 3000건  조회 중... 3200건  조회 중... 3400건  조회 중... 3600건  조회 중... 3800건  조회 중... 4000건  조회 중... 4200건  조회 중... 4400건  조회 중... 4600건  조회 중... 4800건  조회 중... 5000건  조회 중... 5200건  조회 중... 5400건  조회 중... 5600건  조회 중... 5800건  조회 중... 6000건  조회 중... 6200건  조회 중... 6400건  조회 중... 6600건  조회 중... 6800건  조회 중... 7000건  조회 중... 7200건  조회 중... 7400건  조회 중... 7600건  조회 중... 7800건  조회 중... 8000건  조회 중... 8200건  조회 중... 8400건  조회 중... 8600건  조회 중... 8800건  조회 중... 9000건  조회 중... 9200건  조회 중... 9400건  조회 중... 9600건  조회 중... 9800건  조회 중... 10000건  조회 중... 10200건  조회 중... 10400건  조회 중... 10600건  조회 중... 10800건  조회 중... 11000건  조회 중... 11200건  조회 중... 11400건  조회 중... 11600건  조회 중... 11800건  조회 중... 12000건  조회 중... 12200건  조회 중... 12400건  조회 중... 12600건  조회 중... 12800건  조회 중... 13000건  조회 중... 13200건  조회 중... 13400건  조회 중... 13600건  조회 중... 13800건  조회 중... 14000건  조회 중... 14200건  조회 중... 14400건  조회 중... 14600건  조회 중... 14800건  조회 중... 15000건  조회 중... 15200건  조회 중... 15400건  조회 중... 15600건  조회 중... 15800건  조회 중... 16000건  조회 중... 16200건  조회 중... 16400건  조회 중... 16545건
  → 16545건 조회됨
Supabase 업로드 중...
  ↑ 500/16545건 완료
  ↑ 1000/16545건 완료
  ↑ 1500/16545건 완료
  ↑ 2000/16545건 완료
  ↑ 2500/16545건 완료
  ↑ 3000/16545건 완료
  ↑ 3500/16545건 완료
  ↑ 4000/16545건 완료
  ↑ 4500/16545건 완료
  ↑ 5000/16545건 완료
  ↑ 5500/16545건 완료
  ↑ 6000/16545건 완료
  ↑ 6500/16545건 완료
  ↑ 7000/16545건 완료
  ↑ 7500/16545건 완료
  ↑ 8000/16545건 완료
  ↑ 8500/16545건 완료
  ↑ 9000/16545건 완료
  ↑ 9500/16545건 완료
  ↑ 10000/16545건 완료
  ↑ 10500/16545건 완료
  ↑ 11000/16545건 완료
  ↑ 11500/16545건 완료
  ↑ 12000/16545건 완료
  ↑ 12500/16545건 완료
  ↑ 13000/16545건 완료
  ↑ 13500/16545건 완료
  ↑ 14000/16545건 완료
  ↑ 14500/16545건 완료
  ↑ 15000/16545건 완료
  ↑ 15500/16545건 완료
  ↑ 16000/16545건 완료
  ↑ 16500/16545건 완료
  ↑ 16545/16545건 완료
✅ 동기화 완료!
쿠팡 파일 없음
지그재그 파일 없음
경고: 쿠팡: 파일 없음; 지그재그: 파일 없음
업서트 대상: 0행 (2026-08-08 ~ 2026-09-12)
[2026. 9. 12. AM 9:05:00] 랭킹 실판매 동기화 시작
  조회 중... 10행
  → 10행 조회
✅ 동기화 완료
[2026. 9. 12. AM 9:10:01] 전제품 검색순위 동기화 시작
  조회 중... 3418행 (D-90~)  조회 중... 6775행 (D-83~)  조회 중... 10161행 (D-76~)  조회 중... 13510행 (D-69~)  조회 중... 16871행 (D-62~)[2026. 9. 12. AM 9:15:00] 우선순위 동기화 시작
  조회 중... 20325행 (D-55~)  조회 중... 23284행 (D-48~)  조회 중... 23284행 (D-41~)  조회 중... 23284행 (D-34~)  조회 중... 23284행 (D-27~)  조회 중... 23284행 (D-20~)  조회 중... 23284행 (D-13~)  조회 중... 23284행 (D-6~)
  → 키워드 529개 · 23284행 (90일)
  조회 중... 0행  → payload 416KB
✅ 동기화 완료
  매출 조회 중... 7689행 (D-180~)발송 완료 (썸네일 5장):
📋 9/12(토) 아침 브리핑

📉 이미용 매출 급락 — 어제 1,542만원 (7일 평균 2,587만원, -40%)

🎨 소재 검토 6건 (평균 CTR 1.62%)
1. [행사X]에어리소닉_영상1
   ㄴ 7일 62만원 · CTR 0.50%
   ㄴ 재제작: oa-dashboard2.vercel.app/?recreate=%5B%ED%96%89%EC%82%ACX%5D%EC%97%90%EC%96%B4%EB%A6%AC%EC%86%8C%EB%8B%89_%EC%98%81%EC%83%811
2. 클린이스윙P_비포애프터
   ㄴ 7일 18만원 · CTR 0.73%
   ㄴ 재제작: oa-dashboard2.vercel.app/?recreate=%ED%81%B4%EB%A6%B0%EC%9D%B4%EC%8A%A4%EC%9C%99P_%EB%B9%84%ED%8F%AC%EC%95%A0%ED%94%84%ED%84%B0
3. 클린이스윙p_미세모_치석
   ㄴ 7일 17만원 · CTR 0.77%
   ㄴ 재제작: oa-dashboard2.vercel.app/?recreate=%ED%81%B4%EB%A6%B0%EC%9D%B4%EC%8A%A4%EC%9C%99p_%EB%AF%B8%EC%84%B8%EB%AA%A8_%EC%B9%98%EC%84%9D
4. 클린이스윙p_미세모_추석기획전
   ㄴ 7일 14만원 · CTR 0.61%
   ㄴ 재제작: oa-dashboard2.vercel.app/?recreate=%ED%81%B4%EB%A6%B0%EC%9D%B4%EC%8A%A4%EC%9C%99p_%EB%AF%B8%EC%84%B8%EB%AA%A8_%EC%B6%94%EC%84%9D%EA%B8%B0%ED%9A%8D%EC%A0%84
5. 클린이스윙p_꽃
   ㄴ 7일 12만원 · CTR 0.70%
   ㄴ 재제작: oa-dashboard2.vercel.app/?recreate=%ED%81%B4%EB%A6%B0%EC%9D%B4%EC%8A%A4%EC%9C%99p_%EA%BD%83

🎯 오늘의 가설 6건
1. 오아에어리라이트-화이트-리테일
   ㄴ 원인분석 · 담당 미지정❗
2. 오아무선판고데기-포그밀크-리테일
   ㄴ 원인분석 · 담당 미지정❗
3. 오아에어리소닉드라이기-베이지
   ㄴ 원인분석 · 담당 미지정❗
4. 오아에어리소닉드라이기-베이지
   ㄴ 마케팅액션 · 담당 미지정❗
5. 오아물결고데기
   ㄴ 마케팅액션 · 담당 미지정❗
6. 오아프리온무선고데기-핑크
   ㄴ 마케팅액션 · 담당 미지정❗

⚠️ 확인: 메타광고 데이터 누락

👉 oa-dashboard2.vercel.app
  매출 조회 중... 15685행 (D-150~)스마트스토어 동기화 실패: 토큰 실패: {"code":"GW.IP_NOT_ALLOWED","message":"호출이 허용되지 않은 IP입니다.","timestamp":"2026-09-12T09:25:00.958+09:00","traceId":"AaAZEmlHcaGbQmHrChZnwQ^1787127031408^163475945"}
  매출 조회 중... 23488행 (D-120~)조회 기간: 2026-08-13 ~ 2026-09-11
  page 1/3 — 누적 100행
  page 2/3 — 누적 200행
  page 3/3 — 누적 265행
  활성 page 1/1 — 누적 49행
활성 판정 — 송출 중 46개 · 꺼짐 219개
소재 265행 · 총비용 15,165,518원 · 구매완료 408 · 전환매출 22,270,800원 · ROAS 147%
업로드 완료 — 265행, targetRoas 300% 유지
대시보드 GFA 탭 새로고침하면 반영됩니다
  매출 조회 중... 31258행 (D-90~)시트 마지막 날짜: 2026-09-10
메타 인사이트 조회: 2026-09-05 ~ 2026-09-11
597행 (7일: 2026-09-05 ~ 2026-09-11)
웹앱 응답: {'ok': True, 'removed': 480, 'added': 597, 'total': 20960}
완료 — 대시보드 메타 탭 새로고침하면 반영됩니다
  매출 조회 중... 39161행 (D-60~)  매출 조회 중... 47107행 (D-30~)
  → 품목 385개 · 일별 47107행 (180일)
  조회 중... 200행  조회 중... 325행
  → 작년 동기 데이터 325개 품목
  네이버 광고 조회 중... 0행 (D-180~)  네이버 광고 조회 중... 0행 (D-150~)  네이버 광고 조회 중... 10649행 (D-120~)  네이버 광고 조회 중... 33993행 (D-90~)  네이버 광고 조회 중... 40256행 (D-60~)  네이버 광고 조회 중... 40256행 (D-30~)
  → 네이버 광고그룹 819개 중 490개 제품 매칭
  조회 중... 15행
  → payload 1491KB
✅ 동기화 완료
📣 아침 광고 브리핑 (가중구매=클릭+뷰×0.3)

━━ 📈 메타 (어제)
합계 ₩1,157,348 · 클릭구매 12 (+뷰 37) · ROAS 2.2 · 가중CPA ₩50,102
· 부스터팀_구강가전_트래픽: ₩262,564 · 구매 1+뷰0 · ROAS 0.2 ⚠️점검
· 부스터팀_뷰티가전_전환: ₩242,978 · 구매 6+뷰32 · ROAS 8.1
· 부스터즈팀_카카오선물하기_트래픽: ₩228,752 · 구매 0+뷰0 · ROAS 0.0 ⚠️점검
· 부스터팀_구강가전_전환: ₩224,774 · 구매 4+뷰5 · ROAS 2.1
· 부스터팀_뷰티가전_트래픽: ₩126,196 · 구매 1+뷰0 · ROAS 0.5 ⚠️점검

━━ 📣 메타 룰 판정 (7일)

⛔ 중지 추천 4건
· [부스터팀_구강가전_전환] [추석]클린이스윙P+미세모 증정_전환_성과 잘나온 애들
  7일 ₩443,124 지출, CPA ₩77,741 → OFF 권고
· [부스터팀_구강가전_전환] 클린이워터B_전환
  7일 ₩496,642 지출, CPA ₩103,467 → OFF 권고
· [부스터팀_구강가전_전환] 클린이스윙P_전환
  7일 ₩422,450 지출, CPA ₩58,674 → OFF 권고
· [부스터팀_구강가전_전환] [행사X]클린이워터B+거치대_전환
  7일 ₩279,866 지출, CPA ₩233,222 → OFF 권고

(트래픽 목표 세트 34개는 CPA 룰 제외)

━━ 🛒 네이버 검색광고 (어제)
합계 ₩2,681,711 · 전환 465 · ROAS 11.0
· 상품형_계절가전: ₩904,353 · 전환 65 · ROAS 4.9
· 상품형_욕실: ₩493,962 · 전환 133 · ROAS 16.2
· 상품형_건강: ₩388,727 · 전환 44 · ROAS 7.9
· 상품형_이미용: ₩301,872 · 전환 76 · ROAS 15.9
· 상품형_모바일: ₩129,286 · 전환 26 · ROAS 8.0
· 상품형_인테리어: ₩118,555 · 전환 29 · ROAS 15.0

━━ 🚀 AD부스터 (7일)
AD부스터/ADVoost 합계 ₩6,981,408 · 전환 1433 · ROAS 12.6 (2026.09.05~2026.09.11)
· [오아운영] 이미용: ₩984,062 · ROAS 26.1
· [오아운영] 욕실가전: ₩953,717 · ROAS 26.3
· [오아운영] 건강가전팀: ₩945,203 · ROAS 10.0
· [k2ci00] 아이스볼트맥스, 아이스볼트미스트: ₩896,966 · ROAS 3.5
· [오아운영] 모바일: ₩623,940 · ROAS 7.5
· [k2ci00] 넥밴드선풍기: ₩497,975 · ROAS 2.0 ⚠️점검
· [k2ci00] 탁상용선풍기: ₩474,096 · ROAS 4.3
· [오아운영] ADVoost 쇼핑 부스트 업: ₩438,740 · ROAS 29.2

━━ 📊 GFA (어제)
합계 ₩327,351 · 구매 8 · ROAS 1.2
· 드라이기_전환: ₩204,616 · ROAS 0.6 ⚠️점검
· 드라이기_맞춤타겟: ₩96,242 · ROAS 2.5
· 구강가전_맞춤타겟: ₩26,493 · ROAS 0.0
· 클린이스윙P_추석 티저: ₩0 · ROAS 0.0
· 구강가전_전환: ₩0 · ROAS 0.0
→ 텔레그램 발송 완료
발송: 미지정 6건
──── 미리보기 ────
📊 부스터즈 광고 리포트 (9/11 금)
총 광고비 143.3만원

── 메타 전환 ──
46.8만원  (평소 -54%)
클릭 936 · 랜딩 51% · CPC 500원

── 메타 트래픽 ──
63.8만원  (평소 +163%)
클릭 3,120 · 랜딩 76% · CPC 204원

── GFA ──
32.7만원  (평소 -46%)
클릭 574 · 구매 8건 · 구매당 4.1만원 · ROAS 122%

── GFA 캠페인 TOP3 ──
1. 드라이기_전환  20.5만원 · ROAS 64%
2. 드라이기_맞춤타겟  9.6만원 · ROAS 246%
3. 구강가전_맞춤타겟  2.6만원 · ROAS 0%

── 신규 광고 (오늘) ──
메타: 없음
GFA: 없음
─────────────────
발송 완료 → jmpark@oa-world.com
발송 완료 → kkeim@oa-world.com
[2026. 9. 13. AM 7:00:00] 이미용 동기화 시작 (MCP 경유, 최근 30일)
MySQL(MCP) 조회 중...
  조회 중... 200건  조회 중... 400건  조회 중... 600건  조회 중... 800건  조회 중... 1000건  조회 중... 1200건  조회 중... 1400건  조회 중... 1600건  조회 중... 1800건  조회 중... 2000건  조회 중... 2200건  조회 중... 2400건  조회 중... 2600건  조회 중... 2800건  조회 중... 3000건  조회 중... 3200건  조회 중... 3400건  조회 중... 3600건  조회 중... 3800건  조회 중... 4000건  조회 중... 4200건  조회 중... 4400건  조회 중... 4600건  조회 중... 4800건  조회 중... 5000건  조회 중... 5200건  조회 중... 5400건  조회 중... 5600건  조회 중... 5800건  조회 중... 6000건  조회 중... 6200건  조회 중... 6400건  조회 중... 6600건  조회 중... 6800건  조회 중... 7000건  조회 중... 7200건  조회 중... 7400건  조회 중... 7600건  조회 중... 7800건  조회 중... 8000건  조회 중... 8200건  조회 중... 8400건  조회 중... 8600건  조회 중... 8800건  조회 중... 9000건  조회 중... 9200건  조회 중... 9400건  조회 중... 9600건  조회 중... 9800건  조회 중... 10000건  조회 중... 10200건  조회 중... 10400건  조회 중... 10600건  조회 중... 10800건  조회 중... 11000건  조회 중... 11200건  조회 중... 11400건  조회 중... 11600건  조회 중... 11800건  조회 중... 12000건  조회 중... 12200건  조회 중... 12400건  조회 중... 12600건  조회 중... 12800건  조회 중... 13000건  조회 중... 13200건  조회 중... 13400건  조회 중... 13600건  조회 중... 13800건  조회 중... 14000건  조회 중... 14200건  조회 중... 14400건  조회 중... 14600건  조회 중... 14800건  조회 중... 15000건  조회 중... 15200건  조회 중... 15400건  조회 중... 15600건  조회 중... 15800건  조회 중... 16000건  조회 중... 16200건  조회 중... 16292건
  → 16292건 조회됨
Supabase 업로드 중...
  ↑ 500/16292건 완료
  ↑ 1000/16292건 완료
  ↑ 1500/16292건 완료
  ↑ 2000/16292건 완료
  ↑ 2500/16292건 완료
  ↑ 3000/16292건 완료
  ↑ 3500/16292건 완료
  ↑ 4000/16292건 완료
  ↑ 4500/16292건 완료
  ↑ 5000/16292건 완료
  ↑ 5500/16292건 완료
  ↑ 6000/16292건 완료
  ↑ 6500/16292건 완료
  ↑ 7000/16292건 완료
  ↑ 7500/16292건 완료
  ↑ 8000/16292건 완료
  ↑ 8500/16292건 완료
  ↑ 9000/16292건 완료
  ↑ 9500/16292건 완료
  ↑ 10000/16292건 완료
  ↑ 10500/16292건 완료
  ↑ 11000/16292건 완료
  ↑ 11500/16292건 완료
  ↑ 12000/16292건 완료
  ↑ 12500/16292건 완료
  ↑ 13000/16292건 완료
  ↑ 13500/16292건 완료
  ↑ 14000/16292건 완료
  ↑ 14500/16292건 완료
  ↑ 15000/16292건 완료
  ↑ 15500/16292건 완료
  ↑ 16000/16292건 완료
  ↑ 16292/16292건 완료
✅ 동기화 완료!
쿠팡 파일 없음
지그재그 파일 없음
경고: 쿠팡: 파일 없음; 지그재그: 파일 없음
업서트 대상: 0행 (2026-08-09 ~ 2026-09-13)
스마트스토어 동기화 실패: 토큰 실패: {"code":"GW.IP_NOT_ALLOWED","message":"호출이 허용되지 않은 IP입니다.","timestamp":"2026-09-13T09:25:01.395+09:00","traceId":"AaAZEmu1fCiKHd1qk0vPag^1787127032037^170323936"}
조회 기간: 2026-08-14 ~ 2026-09-12
  page 1/3 — 누적 100행
  page 2/3 — 누적 200행
  page 3/3 — 누적 263행
  활성 page 1/1 — 누적 42행
활성 판정 — 송출 중 39개 · 꺼짐 224개
소재 263행 · 총비용 14,937,938원 · 구매완료 408 · 전환매출 22,282,300원 · ROAS 149%
업로드 완료 — 263행, targetRoas 300% 유지
대시보드 GFA 탭 새로고침하면 반영됩니다
시트 마지막 날짜: 2026-09-11
메타 인사이트 조회: 2026-09-06 ~ 2026-09-12
625행 (7일: 2026-09-06 ~ 2026-09-12)
웹앱 응답: {'ok': True, 'removed': 523, 'added': 625, 'total': 21062}
완료 — 대시보드 메타 탭 새로고침하면 반영됩니다
📣 아침 광고 브리핑 (가중구매=클릭+뷰×0.3)

━━ 📈 메타 (어제)
합계 ₩1,314,079 · 클릭구매 10 (+뷰 33) · ROAS 1.4 · 가중CPA ₩66,034
· 부스터팀_뷰티가전_전환: ₩373,580 · 구매 10+뷰26 · ROAS 4.3
· 부스터즈팀_카카오선물하기_트래픽: ₩302,011 · 구매 0+뷰0 · ROAS 0.0 ⚠️점검
· 부스터팀_구강가전_전환: ₩240,681 · 구매 0+뷰5 · ROAS 0.5 ⚠️점검
· 부스터팀_구강가전_트래픽: ₩171,476 · 구매 0+뷰1 · ROAS 0.2 ⚠️점검
· 부스터팀_뷰티가전_트래픽: ₩141,303 · 구매 0+뷰1 · ROAS 0.3 ⚠️점검

━━ 📣 메타 룰 판정 (7일)

⛔ 중지 추천 4건
· [부스터팀_구강가전_전환] [추석]클린이스윙P+미세모 증정_전환_성과 잘나온 애들
  7일 ₩528,077 지출, CPA ₩92,645 → OFF 권고
· [부스터팀_구강가전_전환] 클린이워터B_전환
  7일 ₩489,993 지출, CPA ₩90,739 → OFF 권고
· [부스터팀_구강가전_전환] 클린이스윙P_전환
  7일 ₩419,975 지출, CPA ₩58,330 → OFF 권고
· [부스터팀_구강가전_전환] [행사X]클린이워터B+거치대_전환
  7일 ₩279,968 지출, CPA ₩155,538 → OFF 권고

(트래픽 목표 세트 34개는 CPA 룰 제외)

━━ 🛒 네이버 검색광고 (어제)
합계 ₩2,398,389 · 전환 479 · ROAS 12.7
· 상품형_욕실: ₩494,650 · 전환 121 · ROAS 12.9
· 상품형_계절가전: ₩485,676 · 전환 41 · ROAS 6.2
· 상품형_건강: ₩411,365 · 전환 47 · ROAS 7.6
· 상품형_이미용: ₩329,879 · 전환 112 · ROAS 23.2
· 상품형_인테리어: ₩173,212 · 전환 29 · ROAS 16.8
· 상품형_모바일: ₩128,646 · 전환 22 · ROAS 5.5

━━ 📊 GFA (어제)
합계 ₩300,527 · 구매 12 · ROAS 2.3
· 드라이기_전환: ₩201,954 · ROAS 2.3
· 드라이기_맞춤타겟: ₩98,573 · ROAS 1.9
· 클린이스윙P_추석 티저: ₩0 · ROAS 0.0
→ 텔레그램 발송 완료
──── 미리보기 ────
📊 부스터즈 광고 리포트 (9/12 토)
총 광고비 155.9만원

── 메타 전환 ──
61.4만원  (평소 -35%)
클릭 1,187 · 랜딩 56% · CPC 517원

── 메타 트래픽 ──
64.4만원  (평소 +107%)
클릭 3,309 · 랜딩 78% · CPC 195원

── GFA ──
30.1만원  (평소 -45%)
클릭 533 · 구매 12건 · 구매당 2.5만원 · ROAS 230%

── GFA 캠페인 TOP2 ──
1. 드라이기_전환  20.2만원 · ROAS 228%
2. 드라이기_맞춤타겟  9.9만원 · ROAS 190%

── 신규 광고 (오늘) ──
메타: 없음
GFA: 없음
─────────────────
발송 완료 → jmpark@oa-world.com
발송 완료 → kkeim@oa-world.com
[2026. 9. 14. AM 7:00:00] 이미용 동기화 시작 (MCP 경유, 최근 30일)
MySQL(MCP) 조회 중...
  조회 중... 200건  조회 중... 400건  조회 중... 600건  조회 중... 800건  조회 중... 1000건  조회 중... 1200건  조회 중... 1400건  조회 중... 1600건  조회 중... 1800건  조회 중... 2000건  조회 중... 2200건  조회 중... 2400건  조회 중... 2600건  조회 중... 2800건  조회 중... 3000건  조회 중... 3200건  조회 중... 3400건  조회 중... 3600건  조회 중... 3800건  조회 중... 4000건  조회 중... 4200건  조회 중... 4400건  조회 중... 4600건  조회 중... 4800건  조회 중... 5000건  조회 중... 5200건  조회 중... 5400건  조회 중... 5600건  조회 중... 5800건  조회 중... 6000건  조회 중... 6200건  조회 중... 6400건  조회 중... 6600건  조회 중... 6800건  조회 중... 7000건  조회 중... 7200건  조회 중... 7400건  조회 중... 7600건  조회 중... 7800건  조회 중... 8000건  조회 중... 8200건  조회 중... 8400건  조회 중... 8600건  조회 중... 8800건  조회 중... 9000건  조회 중... 9200건  조회 중... 9400건  조회 중... 9600건  조회 중... 9800건  조회 중... 10000건  조회 중... 10200건  조회 중... 10400건  조회 중... 10600건  조회 중... 10800건  조회 중... 11000건  조회 중... 11200건  조회 중... 11400건  조회 중... 11600건  조회 중... 11800건  조회 중... 12000건  조회 중... 12200건  조회 중... 12400건  조회 중... 12600건  조회 중... 12800건  조회 중... 13000건  조회 중... 13200건  조회 중... 13400건  조회 중... 13600건  조회 중... 13800건  조회 중... 14000건  조회 중... 14200건  조회 중... 14400건  조회 중... 14600건  조회 중... 14800건  조회 중... 15000건  조회 중... 15200건  조회 중... 15400건  조회 중... 15600건  조회 중... 15800건  조회 중... 16000건  조회 중... 16175건
  → 16175건 조회됨
Supabase 업로드 중...
  ↑ 500/16175건 완료
  ↑ 1000/16175건 완료
  ↑ 1500/16175건 완료
  ↑ 2000/16175건 완료
  ↑ 2500/16175건 완료
  ↑ 3000/16175건 완료
  ↑ 3500/16175건 완료
  ↑ 4000/16175건 완료
  ↑ 4500/16175건 완료
  ↑ 5000/16175건 완료
  ↑ 5500/16175건 완료
  ↑ 6000/16175건 완료
  ↑ 6500/16175건 완료
  ↑ 7000/16175건 완료
  ↑ 7500/16175건 완료
  ↑ 8000/16175건 완료
  ↑ 8500/16175건 완료
  ↑ 9000/16175건 완료
  ↑ 9500/16175건 완료
  ↑ 10000/16175건 완료
  ↑ 10500/16175건 완료
  ↑ 11000/16175건 완료
  ↑ 11500/16175건 완료
  ↑ 12000/16175건 완료
  ↑ 12500/16175건 완료
  ↑ 13000/16175건 완료
  ↑ 13500/16175건 완료
  ↑ 14000/16175건 완료
  ↑ 14500/16175건 완료
  ↑ 15000/16175건 완료
  ↑ 15500/16175건 완료
  ↑ 16000/16175건 완료
  ↑ 16175/16175건 완료
✅ 동기화 완료!
📊 카카오선물하기 트래픽 9/8~9/14 (9/14 08:30 기준)
메타: 1,090,275원 · 5,548클릭 · CPC 197원 · CPM 4,849원
X (트위터): 199,828원 · 1,030클릭 · CPC 194원 · CPM 509원
표 이미지: https://lugqeflqusqsyotdiaxg.supabase.co/storage/v1/object/public/detail-assets/reports/kakao-traffic/2026-09-14.png?v=1789342208
🏆 선물하기 랭킹 (전일 대비): 롤링스팟 건강가전 43위 ▲30 · 바디스팟 Knee 건강가전 92위 ▼9 · 듀얼포켓건 건강가전 129위 ▼118
랭킹 표: https://lugqeflqusqsyotdiaxg.supabase.co/storage/v1/object/public/detail-assets/reports/kakao-traffic/rank-2026-09-14.png?v=1789342216
📌 행동 제안
🔴 듀얼포켓건: 광고 집행 중인데 건강가전 11→129위 하락 → 클릭이 구매/위시로 안 이어짐, 상세·가격·증정 혜택 점검
🔴 롤링스팟 메타: CPC 195원→277원 상승+클릭 감소 → 소재 피로, 신규 소재로 교체/추가
🟡 9/13 총 집행 370,102원 = 일 계획의 264% → 초과 페이싱, 3주 총액(300만) 기준 재배분
🟡 롤링스팟 메타: CPC 277원 (목표 150원의 185%) → 타겟 넓히기·입찰 상한 점검·저CPC 소재만 남기기
🟡 플렌티플렛 메타: CPC 243원 (목표 150원의 162%) → 타겟 넓히기·입찰 상한 점검·저CPC 소재만 남기기
🟢 프리온: 뷰티가전 50→31위 상승 → 유입이 랭킹에 반영 중, 현 예산 유지 또는 증액
🟢 퀵터보: 충전기 238→73위 상승 → 유입이 랭킹에 반영 중, 현 예산 유지 또는 증액
🟢 롤링스팟: 건강가전 73→43위 상승 → 유입이 랭킹에 반영 중, 현 예산 유지 또는 증액
→ 웍스 발송: kkeim@oa-world.com
쿠팡 파일 없음
지그재그 파일 없음
경고: 쿠팡: 파일 없음; 지그재그: 파일 없음
업서트 대상: 0행 (2026-08-10 ~ 2026-09-14)
[2026. 9. 14. AM 9:05:00] 랭킹 실판매 동기화 시작
  조회 중... 10행
  → 10행 조회
✅ 동기화 완료
[2026. 9. 14. AM 9:10:00] 전제품 검색순위 동기화 시작
  조회 중... 3414행 (D-90~)  조회 중... 6758행 (D-83~)[2026. 9. 14. AM 9:15:00] 우선순위 동기화 시작
  조회 중... 10152행 (D-76~)발송 완료 (썸네일 5장):
📋 9/14(월) 아침 브리핑

📉 이미용 매출 급락 — 어제 948만원 (7일 평균 2,305만원, -59%)

🎨 소재 검토 10건 (평균 CTR 2.03%)
1. [행사X]에어리소닉_영상1
   ㄴ 7일 64만원 · CTR 0.45%
   ㄴ 재제작: oa-dashboard2.vercel.app/?recreate=%5B%ED%96%89%EC%82%ACX%5D%EC%97%90%EC%96%B4%EB%A6%AC%EC%86%8C%EB%8B%89_%EC%98%81%EC%83%811
2. cleaneswingP2
   ㄴ 7일 35만원 · CTR 0.89%
   ㄴ 재제작: oa-dashboard2.vercel.app/?recreate=cleaneswingP2
3. [행사X]에어리소닉_영상2
   ㄴ 7일 33만원 · CTR 0.85%
   ㄴ 재제작: oa-dashboard2.vercel.app/?recreate=%5B%ED%96%89%EC%82%ACX%5D%EC%97%90%EC%96%B4%EB%A6%AC%EC%86%8C%EB%8B%89_%EC%98%81%EC%83%812
4. 클린이워터B_욕실버블
   ㄴ 7일 18만원 · CTR 0.84%
   ㄴ 재제작: oa-dashboard2.vercel.app/?recreate=%ED%81%B4%EB%A6%B0%EC%9D%B4%EC%9B%8C%ED%84%B0B_%EC%9A%95%EC%8B%A4%EB%B2%84%EB%B8%94
5. 클린이스윙P_비포애프터
   ㄴ 7일 18만원 · CTR 0.70%
   ㄴ 재제작: oa-dashboard2.vercel.app/?recreate=%ED%81%B4%EB%A6%B0%EC%9D%B4%EC%8A%A4%EC%9C%99P_%EB%B9%84%ED%8F%AC%EC%95%A0%ED%94%84%ED%84%B0

🎯 오늘의 가설 6건
1. 오아무선판고데기-포그밀크-리테일
   ㄴ 원인분석 · 담당 미지정❗
2. 오아에어리라이트-화이트-리테일
   ㄴ 원인분석 · 담당 미지정❗
3. 오아에어리소닉드라이기-베이지
   ㄴ 원인분석 · 담당 미지정❗
4. 오아물결고데기
   ㄴ 마케팅액션 · 담당 미지정❗
5. 오아에어리소닉드라이기-베이지
   ㄴ 마케팅액션 · 담당 미지정❗
6. 오아데일리고데기
   ㄴ 마케팅액션 · 담당 미지정❗

⚠️ 확인: 메타광고 데이터 누락

🏆 지난주 실행률: 미지정 0/42

👉 oa-dashboard2.vercel.app
  조회 중... 13507행 (D-69~)  조회 중... 16872행 (D-62~)  매출 조회 중... 7705행 (D-180~)스마트스토어 동기화 실패: 토큰 실패: {"code":"GW.IP_NOT_ALLOWED","message":"호출이 허용되지 않은 IP입니다.","timestamp":"2026-09-14T09:25:00.570+09:00","traceId":"AaAYljVddEmBVLX8eTkDZg^1787118891744^176722360"}
  조회 중... 20331행 (D-55~)  조회 중... 22308행 (D-48~)  조회 중... 22308행 (D-41~)  조회 중... 22308행 (D-34~)  조회 중... 22308행 (D-27~)  조회 중... 22308행 (D-20~)조회 기간: 2026-08-15 ~ 2026-09-13
  page 1/3 — 누적 100행
  page 2/3 — 누적 200행
  page 3/3 — 누적 261행
  활성 page 1/1 — 누적 50행
활성 판정 — 송출 중 46개 · 꺼짐 215개
소재 261행 · 총비용 14,725,634원 · 구매완료 405 · 전환매출 22,147,400원 · ROAS 150%
업로드 완료 — 261행, targetRoas 300% 유지
대시보드 GFA 탭 새로고침하면 반영됩니다
  조회 중... 22308행 (D-13~)  조회 중... 22308행 (D-6~)
  → 키워드 529개 · 22308행 (90일)
  조회 중... 0행  → payload 399KB
✅ 동기화 완료
  매출 조회 중... 15682행 (D-150~)시트 마지막 날짜: 2026-09-12
메타 인사이트 조회: 2026-09-07 ~ 2026-09-13
658행 (7일: 2026-09-07 ~ 2026-09-13)
웹앱 응답: {'ok': True, 'removed': 557, 'added': 658, 'total': 21163}
완료 — 대시보드 메타 탭 새로고침하면 반영됩니다
📣 아침 광고 브리핑 (가중구매=클릭+뷰×0.3)

━━ 📈 메타 (어제)
합계 ₩1,480,270 · 클릭구매 14 (+뷰 32) · ROAS 1.4 · 가중CPA ₩62,723
· 부스터팀_뷰티가전_전환: ₩385,308 · 구매 8+뷰25 · ROAS 3.9
· 부스터즈팀_카카오선물하기_트래픽: ₩344,986 · 구매 0+뷰0 · ROAS 0.0 ⚠️점검
· 부스터팀_구강가전_트래픽: ₩262,926 · 구매 2+뷰2 · ROAS 0.7 ⚠️점검
· 부스터팀_구강가전_전환: ₩256,522 · 구매 3+뷰5 · ROAS 1.3
· 부스터팀_뷰티가전_트래픽: ₩145,280 · 구매 0+뷰0 · ROAS 0.0 ⚠️점검

━━ 📣 메타 룰 판정 (7일)

⛔ 중지 추천 4건
· [부스터팀_구강가전_전환] [추석]클린이스윙P+미세모 증정_전환_성과 잘나온 애들
  7일 ₩622,288 지출, CPA ₩94,286 → OFF 권고
· [부스터팀_구강가전_전환] 클린이워터B_전환
  7일 ₩486,989 지출, CPA ₩143,232 → OFF 권고
· [부스터팀_구강가전_전환] 클린이스윙P_전환
  7일 ₩416,683 지출, CPA ₩64,105 → OFF 권고
· [부스터팀_구강가전_전환] [행사X]클린이워터B+거치대_전환
  7일 ₩278,211 지출, CPA ₩132,481 → OFF 권고

(트래픽 목표 세트 33개는 CPA 룰 제외)

━━ 🛒 네이버 검색광고 (어제)
합계 ₩2,798,796 · 전환 586 · ROAS 12.7
· 상품형_욕실: ₩540,533 · 전환 144 · ROAS 15.5
· 상품형_계절가전: ₩514,617 · 전환 55 · ROAS 6.7
· 상품형_건강: ₩505,989 · 전환 45 · ROAS 4.7
· 상품형_이미용: ₩433,440 · 전환 154 · ROAS 24.1
· 상품형_인테리어: ₩177,525 · 전환 35 · ROAS 10.5
· 상품형_모바일: ₩159,368 · 전환 21 · ROAS 4.7

━━ 🚀 AD부스터 (7일)
AD부스터/ADVoost 합계 ₩6,225,763 · 전환 1439 · ROAS 14.5 (2026.09.07~2026.09.13)
· [오아운영] 이미용: ₩982,752 · ROAS 25.7
· [오아운영] 욕실가전: ₩957,523 · ROAS 26.3
· [오아운영] 건강가전팀: ₩947,727 · ROAS 10.2
· [오아운영] 모바일: ₩631,758 · ROAS 6.4
· [k2ci00] 아이스볼트맥스, 아이스볼트미스트: ₩621,472 · ROAS 4.1
· [오아운영] ADVoost 쇼핑 부스트 업: ₩454,007 · ROAS 37.5
· [k2ci00] 탁상용선풍기: ₩337,393 · ROAS 4.8
· [k2ci00] 넥밴드선풍기: ₩317,654 · ROAS 2.4 ⚠️점검
🚨 낭비 의심 1건 (7일 10만↑·ROAS<1):
· [오아운영] PC_트래픽_지문텀블러: ₩363,882 · ROAS 0.8

━━ 📊 GFA (어제)
합계 ₩305,613 · 구매 10 · ROAS 1.7
· 드라이기_전환: ₩207,419 · ROAS 1.7
· 드라이기_맞춤타겟: ₩98,194 · ROAS 1.3
· 클린이스윙P_추석 티저: ₩0 · ROAS 0.0
· 구강가전_전환: ₩0 · ROAS 0.0
→ 텔레그램 발송 완료
  매출 조회 중... 23472행 (D-120~)  매출 조회 중... 31269행 (D-90~)  매출 조회 중... 39169행 (D-60~)  매출 조회 중... 47132행 (D-30~)
  → 품목 385개 · 일별 47132행 (180일)
  조회 중... 200행  조회 중... 325행
  → 작년 동기 데이터 325개 품목
  네이버 광고 조회 중... 0행 (D-180~)  네이버 광고 조회 중... 0행 (D-150~)  네이버 광고 조회 중... 12198행 (D-120~)  네이버 광고 조회 중... 35557행 (D-90~)  네이버 광고 조회 중... 40256행 (D-60~)  네이버 광고 조회 중... 40256행 (D-30~)
  → 네이버 광고그룹 819개 중 490개 제품 매칭
  조회 중... 15행
  → payload 1491KB
✅ 동기화 완료
발송: 미지정 6건
📊 카카오선물하기 트래픽 9/8~9/14 (9/14 17:30 기준)
메타: 1,159,399원 · 5,919클릭 · CPC 196원 · CPM 4,857원
X (트위터): 208,813원 · 1,091클릭 · CPC 191원 · CPM 498원
표 이미지: https://lugqeflqusqsyotdiaxg.supabase.co/storage/v1/object/public/detail-assets/reports/kakao-traffic/2026-09-14.png?v=1789374609
──── 미리보기 ────
📊 부스터즈 주간 광고 리포트 (9/7~9/13)
총 광고비 1,216.4만원

── 메타 전환 ──
580.1만원  (평소 -18%)
클릭 12,789 · 랜딩 56% · CPC 454원

── 메타 트래픽 ──
325.2만원  (평소 +238%)
클릭 16,255 · 랜딩 77% · CPC 200원

── GFA ──
311.2만원  (평소 -20%)
클릭 4,872 · 구매 92건 · 구매당 3.4만원 · ROAS 155%

── GFA 캠페인 TOP3 ──
1. 드라이기_전환  144.1만원 · ROAS 175%
2. 드라이기_맞춤타겟  68.8만원 · ROAS 176%
3. 클린이스윙P_추석 티저  57.3만원 · ROAS 108%

── 신규 광고 (최근 7일) ──
메타: 프리온_2, 프리온_3, 프리온_1, 프리온_배너B_preon_0_프리온 외 71개
GFA: 없음
─────────────────
발송 완료 → jmpark@oa-world.com
발송 완료 → kkeim@oa-world.com
🏆 선물하기 랭킹 (전일 대비): 듀얼포켓건 건강가전 148위 ▼123
랭킹 표: https://lugqeflqusqsyotdiaxg.supabase.co/storage/v1/object/public/detail-assets/reports/kakao-traffic/rank-2026-09-14.png?v=1789374618
📌 행동 제안
🔴 듀얼포켓건: 광고 집행 중인데 건강가전 25→148위 하락 → 클릭이 구매/위시로 안 이어짐, 상세·가격·증정 혜택 점검
🔴 퀵터보 메타: CPC 162원→211원 상승+클릭 감소 → 소재 피로, 신규 소재로 교체/추가
🔴 퀵터보 2: 광고 집행 중인데 충전기 111→190위 하락 → 클릭이 구매/위시로 안 이어짐, 상세·가격·증정 혜택 점검
🟡 롤링스팟 메타: CPC 240원 (목표 150원의 160%) → 타겟 넓히기·입찰 상한 점검·저CPC 소재만 남기기
🟡 오늘 신규 소재 12건 → 승인 후 2~3일 CPC 비교, 상위 30%만 남기고 정리
🟢 9/14 총 집행 166,511원 = 일 계획의 119% → 페이싱 정상
→ 웍스 발송: kkeim@oa-world.com
📊 카카오선물하기 트래픽 9/8~9/15 (9/15 08:30 기준)
메타: 1,268,706원 · 6,510클릭 · CPC 195원 · CPM 4,863원
X (트위터): 224,646원 · 1,177클릭 · CPC 191원 · CPM 487원
표 이미지: https://lugqeflqusqsyotdiaxg.supabase.co/storage/v1/object/public/detail-assets/reports/kakao-traffic/2026-09-15.png?v=1789428609
🏆 선물하기 랭킹 (전일 대비): 듀얼포켓건 건강가전 136위 ▼7
랭킹 표: https://lugqeflqusqsyotdiaxg.supabase.co/storage/v1/object/public/detail-assets/reports/kakao-traffic/rank-2026-09-15.png?v=1789428617
📌 행동 제안
🔴 퀵터보 메타: CPC 162원→201원 상승+클릭 감소 → 소재 피로, 신규 소재로 교체/추가
🔴 퀵터보 2: 광고 집행 중인데 충전기 73→118위 하락 → 클릭이 구매/위시로 안 이어짐, 상세·가격·증정 혜택 점검
🟡 9/14 총 집행 234,360원 = 일 계획의 167% → 초과 페이싱, 3주 총액(300만) 기준 재배분
🟡 롤링스팟 메타: CPC 238원 (목표 150원의 159%) → 타겟 넓히기·입찰 상한 점검·저CPC 소재만 남기기
🟡 퀵터보 2 메타: CPC 244원 (목표 150원의 163%) → 타겟 넓히기·입찰 상한 점검·저CPC 소재만 남기기
🟡 어제 신규 소재 12건 → 승인 후 2~3일 CPC 비교, 상위 30%만 남기고 정리
→ 웍스 발송: kkeim@oa-world.com
쿠팡 파일 없음
지그재그 파일 없음
경고: 쿠팡: 파일 없음; 지그재그: 파일 없음
업서트 대상: 0행 (2026-08-11 ~ 2026-09-15)
[2026. 9. 15. AM 9:05:00] 랭킹 실판매 동기화 시작
  조회 중... 10행
  → 10행 조회
✅ 동기화 완료
[2026. 9. 15. AM 9:10:00] 전제품 검색순위 동기화 시작
  조회 중... 3405행 (D-90~)  조회 중... 6748행 (D-83~)[2026. 9. 15. AM 9:15:00] 우선순위 동기화 시작
  조회 중... 10149행 (D-76~)  조회 중... 13505행 (D-69~)  조회 중... 16871행 (D-62~)발송 완료 (썸네일 5장):
📋 9/15(화) 아침 브리핑

📉 이미용 매출 급락 — 어제 81만원 (7일 평균 2,255만원, -96%)

🎨 소재 검토 10건 (평균 CTR 2.32%)
1. [행사X]에어리소닉_영상1
   ㄴ 7일 67만원 · CTR 0.47%
   ㄴ 재제작: oa-dashboard2.vercel.app/?recreate=%5B%ED%96%89%EC%82%ACX%5D%EC%97%90%EC%96%B4%EB%A6%AC%EC%86%8C%EB%8B%89_%EC%98%81%EC%83%811
2. [행사X]에어리소닉_영상2
   ㄴ 7일 35만원 · CTR 0.92%
   ㄴ 재제작: oa-dashboard2.vercel.app/?recreate=%5B%ED%96%89%EC%82%ACX%5D%EC%97%90%EC%96%B4%EB%A6%AC%EC%86%8C%EB%8B%89_%EC%98%81%EC%83%812
3. cleaneswingP2
   ㄴ 7일 28만원 · CTR 0.85%
   ㄴ 재제작: oa-dashboard2.vercel.app/?recreate=cleaneswingP2
4. 클린이워터B+거치대세트_1위
   ㄴ 7일 23만원 · CTR 1.07%
   ㄴ 재제작: oa-dashboard2.vercel.app/?recreate=%ED%81%B4%EB%A6%B0%EC%9D%B4%EC%9B%8C%ED%84%B0B%2B%EA%B1%B0%EC%B9%98%EB%8C%80%EC%84%B8%ED%8A%B8_1%EC%9C%84
5. 클린이워터B_욕실버블
   ㄴ 7일 19만원 · CTR 0.86%
   ㄴ 재제작: oa-dashboard2.vercel.app/?recreate=%ED%81%B4%EB%A6%B0%EC%9D%B4%EC%9B%8C%ED%84%B0B_%EC%9A%95%EC%8B%A4%EB%B2%84%EB%B8%94

🎯 오늘의 가설 6건
1. 오아무선판고데기-포그밀크-리테일
   ㄴ 원인분석 · 담당 미지정❗
2. 오아에어리라이트-화이트-리테일
   ㄴ 원인분석 · 담당 미지정❗
3. 오아에어리소닉드라이기-베이지
   ㄴ 원인분석 · 담당 미지정❗
4. 오아물결고데기
   ㄴ 마케팅액션 · 담당 미지정❗
5. 오아소닉플로우-베이지
   ㄴ 마케팅액션 · 담당 미지정❗
6. 오아에어리소닉드라이기-베이지
   ㄴ 마케팅액션 · 담당 미지정❗

⚠️ 확인: 메타광고 데이터 누락

👉 oa-dashboard2.vercel.app
  매출 조회 중... 7705행 (D-180~)  조회 중... 20332행 (D-55~)  조회 중... 21816행 (D-48~)  조회 중... 21816행 (D-41~)  조회 중... 21816행 (D-34~)  조회 중... 21816행 (D-27~)  조회 중... 21816행 (D-20~)  조회 중... 21816행 (D-13~)  조회 중... 21816행 (D-6~)
  → 키워드 529개 · 21816행 (90일)
  조회 중... 0행  → payload 390KB
✅ 동기화 완료
스마트스토어 동기화 실패: 토큰 실패: {"code":"GW.IP_NOT_ALLOWED","message":"호출이 허용되지 않은 IP입니다.","timestamp":"2026-09-15T09:25:00.301+09:00","traceId":"AaAYljAQeIWcuW1G2lcAtw^1787118890380^182971923"}
  매출 조회 중... 15677행 (D-150~)조회 기간: 2026-08-16 ~ 2026-09-14
  page 1/3 — 누적 100행
  page 2/3 — 누적 200행
  page 3/3 — 누적 261행
  활성 page 1/1 — 누적 44행
활성 판정 — 송출 중 41개 · 꺼짐 220개
소재 261행 · 총비용 14,510,786원 · 구매완료 413 · 전환매출 22,666,500원 · ROAS 156%
업로드 완료 — 261행, targetRoas 300% 유지
대시보드 GFA 탭 새로고침하면 반영됩니다
시트 마지막 날짜: 2026-09-13
메타 인사이트 조회: 2026-09-08 ~ 2026-09-14
681행 (7일: 2026-09-08 ~ 2026-09-14)
웹앱 응답: {'ok': True, 'removed': 585, 'added': 681, 'total': 21259}
완료 — 대시보드 메타 탭 새로고침하면 반영됩니다
  매출 조회 중... 23481행 (D-120~)📣 아침 광고 브리핑 (가중구매=클릭+뷰×0.3)

━━ 📈 메타 (어제)
합계 ₩1,030,763 · 클릭구매 18 (+뷰 56) · ROAS 3.3 · 가중CPA ₩29,620
· 부스터팀_뷰티가전_전환: ₩355,447 · 구매 12+뷰43 · ROAS 7.7
· 부스터즈팀_카카오선물하기_트래픽: ₩209,855 · 구매 0+뷰0 · ROAS 0.0 ⚠️점검
· 부스터팀_구강가전_트래픽: ₩191,494 · 구매 0+뷰3 · ROAS 0.4 ⚠️점검
· 부스터팀_구강가전_전환: ₩172,799 · 구매 5+뷰9 · ROAS 2.9
· 부스터팀_뷰티가전_트래픽: ₩44,293 · 구매 0+뷰0 · ROAS 0.0 ⚠️점검

━━ 📣 메타 룰 판정 (7일)

✅ 모든 활성 세트가 룰 범위 안 — 조치 없음

(트래픽 목표 세트 27개는 CPA 룰 제외)

━━ 🛒 네이버 검색광고 (어제)
합계 ₩2,559,927 · 전환 652 · ROAS 16.7
· 상품형_욕실: ₩524,252 · 전환 156 · ROAS 14.8
· 상품형_계절가전: ₩488,473 · 전환 76 · ROAS 11.1
· 상품형_건강: ₩468,586 · 전환 45 · ROAS 6.3
· 상품형_이미용: ₩356,636 · 전환 129 · ROAS 28.5
· 상품형_인테리어: ₩155,496 · 전환 38 · ROAS 13.6
· 상품형_모바일: ₩135,880 · 전환 22 · ROAS 6.7

━━ 📊 GFA (어제)
합계 ₩305,135 · 구매 17 · ROAS 3.1
· 드라이기_전환: ₩205,088 · ROAS 3.0
· 드라이기_맞춤타겟: ₩100,047 · ROAS 2.6
· 클린이스윙P_추석 티저: ₩0 · ROAS 0.0
· 구강가전_맞춤타겟: ₩0 · ROAS 0.0
→ 텔레그램 발송 완료
  매출 조회 중... 31278행 (D-90~)  매출 조회 중... 39155행 (D-60~)  매출 조회 중... 47124행 (D-30~)
  → 품목 384개 · 일별 47124행 (180일)
  조회 중... 200행  조회 중... 325행
  → 작년 동기 데이터 325개 품목
  네이버 광고 조회 중... 0행 (D-180~)  네이버 광고 조회 중... 0행 (D-150~)  네이버 광고 조회 중... 12980행 (D-120~)  네이버 광고 조회 중... 36338행 (D-90~)  네이버 광고 조회 중... 40256행 (D-60~)  네이버 광고 조회 중... 40256행 (D-30~)
  → 네이버 광고그룹 819개 중 490개 제품 매칭
  조회 중... 15행
  → payload 1491KB
✅ 동기화 완료
발송: 미지정 6건
daily-ad-report 실패: GFA: HTTP 401
📊 카카오선물하기 트래픽 9/8~9/15 (9/15 17:30 기준)
메타: 1,336,383원 · 6,788클릭 · CPC 197원 · CPM 4,888원
X (트위터): 232,911원 · 1,220클릭 · CPC 191원 · CPM 485원
표 이미지: https://lugqeflqusqsyotdiaxg.supabase.co/storage/v1/object/public/detail-assets/reports/kakao-traffic/2026-09-15.png?v=1789461009
🏆 선물하기 랭킹 (전일 대비): 듀얼포켓건 건강가전 83위 ▲65
랭킹 표: https://lugqeflqusqsyotdiaxg.supabase.co/storage/v1/object/public/detail-assets/reports/kakao-traffic/rank-2026-09-15.png?v=1789461017
📌 행동 제안
🔴 듀얼포켓건 X (트위터): CPC 155원→194원 상승+클릭 감소 → 소재 피로, 신규 소재로 교체/추가
🔴 퀵터보 메타: CPC 201원→284원 상승+클릭 감소 → 소재 피로, 신규 소재로 교체/추가
🟡 퀵터보 메타: CPC 284원 (목표 150원의 189%) → 타겟 넓히기·입찰 상한 점검·저CPC 소재만 남기기
🟡 바디스팟 Knee: 9/15 집행 0원 (이전엔 집행) → 광고 꺼짐/검토 대기 확인
🟡 롤링스팟: 9/15 집행 0원 (이전엔 집행) → 광고 꺼짐/검토 대기 확인
🟡 플렌티플렛: 9/15 집행 0원 (이전엔 집행) → 광고 꺼짐/검토 대기 확인
🟡 퀵터보 2 메타: CPC 273원 (목표 150원의 182%) → 타겟 넓히기·입찰 상한 점검·저CPC 소재만 남기기
🟡 오늘 신규 소재 2건 → 승인 후 2~3일 CPC 비교, 상위 30%만 남기고 정리
🟢 9/15 총 집행 132,893원 = 일 계획의 95% → 페이싱 정상
🟢 듀얼포켓건: 건강가전 148→83위 상승 → 유입이 랭킹에 반영 중, 현 예산 유지 또는 증액
🟢 퀵터보 2: 충전기 190→94위 상승 → 유입이 랭킹에 반영 중, 현 예산 유지 또는 증액
→ 웍스 발송: kkeim@oa-world.com
[2026. 9. 16. AM 7:00:00] 이미용 동기화 시작 (MCP 경유, 최근 30일)
MySQL(MCP) 조회 중...
  조회 중... 200건  조회 중... 400건  조회 중... 600건  조회 중... 800건  조회 중... 1000건  조회 중... 1200건  조회 중... 1400건  조회 중... 1600건  조회 중... 1800건  조회 중... 2000건  조회 중... 2200건  조회 중... 2400건  조회 중... 2600건  조회 중... 2800건  조회 중... 3000건  조회 중... 3200건  조회 중... 3400건  조회 중... 3600건  조회 중... 3800건  조회 중... 4000건  조회 중... 4200건  조회 중... 4400건  조회 중... 4600건  조회 중... 4800건  조회 중... 5000건  조회 중... 5200건  조회 중... 5400건  조회 중... 5600건  조회 중... 5800건  조회 중... 6000건  조회 중... 6200건  조회 중... 6400건  조회 중... 6600건  조회 중... 6800건  조회 중... 7000건  조회 중... 7200건  조회 중... 7400건  조회 중... 7600건  조회 중... 7800건  조회 중... 8000건  조회 중... 8200건  조회 중... 8400건  조회 중... 8600건  조회 중... 8800건  조회 중... 9000건  조회 중... 9200건  조회 중... 9400건  조회 중... 9600건  조회 중... 9800건  조회 중... 10000건  조회 중... 10200건  조회 중... 10400건  조회 중... 10600건  조회 중... 10800건  조회 중... 11000건  조회 중... 11200건  조회 중... 11400건  조회 중... 11600건  조회 중... 11800건  조회 중... 12000건  조회 중... 12200건  조회 중... 12400건  조회 중... 12600건  조회 중... 12800건  조회 중... 13000건  조회 중... 13200건  조회 중... 13400건  조회 중... 13600건  조회 중... 13800건  조회 중... 14000건  조회 중... 14200건  조회 중... 14400건  조회 중... 14600건  조회 중... 14800건  조회 중... 15000건  조회 중... 15200건  조회 중... 15400건  조회 중... 15600건  조회 중... 15800건  조회 중... 16000건  조회 중... 16200건  조회 중... 16400건  조회 중... 16600건  조회 중... 16800건  조회 중... 16831건
  → 16831건 조회됨
Supabase 업로드 중...
  ↑ 500/16831건 완료
  ↑ 1000/16831건 완료
  ↑ 1500/16831건 완료
  ↑ 2000/16831건 완료
  ↑ 2500/16831건 완료
❌ 오류: Supabase upsert 실패: {"code":"21000","details":null,"hint":"Ensure that no rows proposed for insertion within the same command have duplicate constrained values.","message":"ON CONFLICT DO UPDATE command cannot affect row a second time"}
📊 카카오선물하기 트래픽 9/8~9/16 (9/16 08:30 기준)
메타: 1,453,621원 · 7,339클릭 · CPC 198원 · CPM 4,883원
X (트위터): 247,664원 · 1,306클릭 · CPC 190원 · CPM 479원
표 이미지: https://lugqeflqusqsyotdiaxg.supabase.co/storage/v1/object/public/detail-assets/reports/kakao-traffic/2026-09-16.png?v=1789515010
🏆 선물하기 랭킹 (전일 대비): 듀얼포켓건 건강가전 130위 ▲6
랭킹 표: https://lugqeflqusqsyotdiaxg.supabase.co/storage/v1/object/public/detail-assets/reports/kakao-traffic/rank-2026-09-16.png?v=1789515018
📌 행동 제안
🔴 듀얼포켓건 X (트위터): CPC 155원→190원 상승+클릭 감소 → 소재 피로, 신규 소재로 교체/추가
🟡 9/15 총 집행 205,431원 = 일 계획의 147% → 초과 페이싱, 3주 총액(300만) 기준 재배분
🟡 퀵터보 메타: CPC 263원 (목표 150원의 175%) → 타겟 넓히기·입찰 상한 점검·저CPC 소재만 남기기
🟡 바디스팟 Knee: 9/15 집행 0원 (이전엔 집행) → 광고 꺼짐/검토 대기 확인
🟡 롤링스팟: 9/15 집행 0원 (이전엔 집행) → 광고 꺼짐/검토 대기 확인
🟡 플렌티플렛: 9/15 집행 0원 (이전엔 집행) → 광고 꺼짐/검토 대기 확인
🟡 퀵터보 2 메타: CPC 232원 (목표 150원의 154%) → 타겟 넓히기·입찰 상한 점검·저CPC 소재만 남기기
🟡 어제 신규 소재 2건 → 승인 후 2~3일 CPC 비교, 상위 30%만 남기고 정리
🟢 듀얼포켓건: 건강가전 136→130위 상승 → 유입이 랭킹에 반영 중, 현 예산 유지 또는 증액
🟢 퀵터보 2: 충전기 118→85위 상승 → 유입이 랭킹에 반영 중, 현 예산 유지 또는 증액
→ 웍스 발송: kkeim@oa-world.com
쿠팡 파일 없음
지그재그 파일 없음
경고: 쿠팡: 파일 없음; 지그재그: 파일 없음
업서트 대상: 0행 (2026-08-12 ~ 2026-09-16)
[2026. 9. 16. AM 9:05:01] 랭킹 실판매 동기화 시작
  조회 중... 10행
  → 10행 조회
✅ 동기화 완료
[2026. 9. 16. AM 9:10:00] 전제품 검색순위 동기화 시작
  조회 중... 3331행 (D-90~)[2026. 9. 16. AM 9:15:01] 우선순위 동기화 시작
  조회 중... 6737행 (D-83~)발송 완료 (썸네일 5장):
📋 9/16(수) 아침 브리핑

🎨 소재 검토 7건 (평균 CTR 2.47%)
1. [행사X]에어리소닉_영상1
   ㄴ 7일 67만원 · CTR 0.44%
   ㄴ 재제작: oa-dashboard2.vercel.app/?recreate=%5B%ED%96%89%EC%82%ACX%5D%EC%97%90%EC%96%B4%EB%A6%AC%EC%86%8C%EB%8B%89_%EC%98%81%EC%83%811
2. [행사X]에어리소닉_영상2
   ㄴ 7일 37만원 · CTR 0.85%
   ㄴ 재제작: oa-dashboard2.vercel.app/?recreate=%5B%ED%96%89%EC%82%ACX%5D%EC%97%90%EC%96%B4%EB%A6%AC%EC%86%8C%EB%8B%89_%EC%98%81%EC%83%812
3. 클린이워터B+거치대세트_1위
   ㄴ 7일 21만원 · CTR 1.05%
   ㄴ 재제작: oa-dashboard2.vercel.app/?recreate=%ED%81%B4%EB%A6%B0%EC%9D%B4%EC%9B%8C%ED%84%B0B%2B%EA%B1%B0%EC%B9%98%EB%8C%80%EC%84%B8%ED%8A%B8_1%EC%9C%84
4. cleaneswingP2
   ㄴ 7일 20만원 · CTR 0.85%
   ㄴ 재제작: oa-dashboard2.vercel.app/?recreate=cleaneswingP2
5. 클린이워터B_욕실버블
   ㄴ 7일 17만원 · CTR 0.79%
   ㄴ 재제작: oa-dashboard2.vercel.app/?recreate=%ED%81%B4%EB%A6%B0%EC%9D%B4%EC%9B%8C%ED%84%B0B_%EC%9A%95%EC%8B%A4%EB%B2%84%EB%B8%94

🎯 오늘의 가설 6건
1. 오아에어리라이트-화이트-리테일
   ㄴ 원인분석 · 담당 미지정❗
2. 오아뿌리볼륨고데기-블랙
   ㄴ 원인분석 · 담당 미지정❗
3. 오아에어리소닉드라이기-베이지
   ㄴ 원인분석 · 담당 미지정❗
4. 오아소닉플로우-베이지
   ㄴ 마케팅액션 · 담당 미지정❗
5. 오아뿌리볼륨고데기-블랙
   ㄴ 마케팅액션 · 담당 미지정❗
6. 오아에어리소닉드라이기-베이지
   ㄴ 마케팅액션 · 담당 미지정❗

⚠️ 확인: 메타광고 데이터 누락

👉 oa-dashboard2.vercel.app
  조회 중... 10146행 (D-76~)  조회 중... 13425행 (D-69~)  매출 조회 중... 7694행 (D-180~)스마트스토어 동기화 실패: 토큰 실패: {"code":"GW.IP_NOT_ALLOWED","message":"호출이 허용되지 않은 IP입니다.","timestamp":"2026-09-16T09:25:00.934+09:00","traceId":"AaAZEoWbeNGtRA_qeEJ7EQ^1787127038484^188937902"}
  조회 중... 16873행 (D-62~)  조회 중... 20332행 (D-55~)  조회 중... 21324행 (D-48~)  조회 중... 21324행 (D-41~)  조회 중... 21324행 (D-34~)  조회 중... 21324행 (D-27~)  조회 중... 21324행 (D-20~)  조회 중... 21324행 (D-13~)  조회 중... 21324행 (D-6~)
  → 키워드 529개 · 21324행 (90일)
  조회 중... 0행  → payload 381KB
✅ 동기화 완료
조회 기간: 2026-08-17 ~ 2026-09-15
네이버 로그인 세션 없음/만료 — 먼저 실행: python3 scripts/gfa/gfa_login.py
  매출 조회 중... 15682행 (D-150~)시트 마지막 날짜: 2026-09-14
메타 인사이트 조회: 2026-09-09 ~ 2026-09-15
662행 (7일: 2026-09-09 ~ 2026-09-15)
웹앱 응답: {'ok': True, 'removed': 602, 'added': 662, 'total': 21319}
완료 — 대시보드 메타 탭 새로고침하면 반영됩니다
  매출 조회 중... 23477행 (D-120~)📣 아침 광고 브리핑 (가중구매=클릭+뷰×0.3)

━━ 📈 메타 (어제)
합계 ₩762,424 · 클릭구매 5 (+뷰 49) · ROAS 3.7 · 가중CPA ₩38,702
· 부스터팀_뷰티가전_전환: ₩274,668 · 구매 5+뷰48 · ROAS 10.0
· 부스터팀_구강가전_트래픽: ₩244,299 · 구매 0+뷰1 · ROAS 0.1 ⚠️점검
· 부스터즈팀_카카오선물하기_트래픽: ₩182,054 · 구매 0+뷰0 · ROAS 0.0 ⚠️점검
· 부스터팀_뷰티가전_트래픽: ₩45,027 · 구매 0+뷰0 · ROAS 0.0 ⚠️점검
· 욕실팀_클린이스쿨_트래픽: ₩16,376 · 구매 0+뷰0 · ROAS 0.0

━━ 📣 메타 룰 판정 (7일)

✅ 모든 활성 세트가 룰 범위 안 — 조치 없음

(트래픽 목표 세트 28개는 CPA 룰 제외)

━━ 🛒 네이버 검색광고 (어제)
합계 ₩2,491,735 · 전환 593 · ROAS 14.8
· 상품형_욕실: ₩524,038 · 전환 144 · ROAS 17.1
· 상품형_건강: ₩449,878 · 전환 48 · ROAS 6.8
· 상품형_계절가전: ₩409,417 · 전환 67 · ROAS 13.3
· 상품형_이미용: ₩385,898 · 전환 125 · ROAS 21.8
· 상품형_모바일: ₩140,386 · 전환 22 · ROAS 11.4
· 상품형_인테리어: ₩134,067 · 전환 33 · ROAS 12.6

🚀 AD부스터 실패: 광고주센터 로그인 실패 — 캡차/2단계 가능성, ads_login.py로 수동 확인 — NID 캡차 가능성, ads_login.py 확인

📊 GFA 데이터 실패: 네이버 세션 만료 — gfa_login.py 재실행 필요 — gfa_login.py로 세션 확인
→ 텔레그램 발송 완료
  매출 조회 중... 31251행 (D-90~)  매출 조회 중... 39119행 (D-60~)  매출 조회 중... 47142행 (D-30~)
  → 품목 384개 · 일별 47142행 (180일)
  조회 중... 200행  조회 중... 327행
  → 작년 동기 데이터 327개 품목
  네이버 광고 조회 중... 0행 (D-180~)  네이버 광고 조회 중... 0행 (D-150~)  네이버 광고 조회 중... 13757행 (D-120~)  네이버 광고 조회 중... 37123행 (D-90~)  네이버 광고 조회 중... 40256행 (D-60~)  네이버 광고 조회 중... 40256행 (D-30~)
  → 네이버 광고그룹 819개 중 490개 제품 매칭
  조회 중... 15행
  → payload 1491KB
✅ 동기화 완료
발송: 미지정 6건
daily-ad-report 실패: GFA: 네이버 세션 만료 — gfa_login.py 재실행 필요
📊 카카오선물하기 트래픽 9/8~9/16 (9/16 17:30 기준)
메타: 1,506,005원 · 7,582클릭 · CPC 199원 · CPM 4,882원
X (트위터): 257,459원 · 1,356클릭 · CPC 190원 · CPM 478원
표 이미지: https://lugqeflqusqsyotdiaxg.supabase.co/storage/v1/object/public/detail-assets/reports/kakao-traffic/2026-09-16.png?v=1789547410
🏆 선물하기 랭킹 (전일 대비): 듀얼포켓건 건강가전 52위 ▲31
랭킹 표: https://lugqeflqusqsyotdiaxg.supabase.co/storage/v1/object/public/detail-assets/reports/kakao-traffic/rank-2026-09-16.png?v=1789547419
📌 행동 제안
🟡 퀵터보 메타: CPC 271원 (목표 150원의 180%) → 타겟 넓히기·입찰 상한 점검·저CPC 소재만 남기기
🟡 바디스팟 Knee: 9/16 집행 0원 (이전엔 집행) → 광고 꺼짐/검토 대기 확인
🟡 롤링스팟: 9/16 집행 0원 (이전엔 집행) → 광고 꺼짐/검토 대기 확인
🟡 플렌티플렛: 9/16 집행 0원 (이전엔 집행) → 광고 꺼짐/검토 대기 확인
🟢 9/16 총 집행 121,218원 = 일 계획의 87% → 페이싱 정상
🟢 듀얼포켓건: 건강가전 83→52위 상승 → 유입이 랭킹에 반영 중, 현 예산 유지 또는 증액
🟢 퀵터보 2: 충전기 94→86위 상승 → 유입이 랭킹에 반영 중, 현 예산 유지 또는 증액
→ 웍스 발송: kkeim@oa-world.com
📊 카카오선물하기 트래픽 9/8~9/17 (9/17 08:30 기준)
메타: 1,651,337원 · 8,262클릭 · CPC 200원 · CPM 4,861원
X (트위터): 272,751원 · 1,450클릭 · CPC 188원 · CPM 470원
표 이미지: https://lugqeflqusqsyotdiaxg.supabase.co/storage/v1/object/public/detail-assets/reports/kakao-traffic/2026-09-17.png?v=1789601412
🏆 선물하기 랭킹 (전일 대비): 듀얼포켓건 건강가전 44위 ▲86
랭킹 표: https://lugqeflqusqsyotdiaxg.supabase.co/storage/v1/object/public/detail-assets/reports/kakao-traffic/rank-2026-09-17.png?v=1789601420
📌 행동 제안
🔴 프리온: 광고 집행 중인데 뷰티가전 36→48위 하락 → 클릭이 구매/위시로 안 이어짐, 상세·가격·증정 혜택 점검
🔴 퀵터보 2: 광고 집행 중인데 충전기 85→157위 하락 → 클릭이 구매/위시로 안 이어짐, 상세·가격·증정 혜택 점검
🟡 9/16 총 집행 190,835원 = 일 계획의 136% → 초과 페이싱, 3주 총액(300만) 기준 재배분
🟡 퀵터보 메타: CPC 250원 (목표 150원의 167%) → 타겟 넓히기·입찰 상한 점검·저CPC 소재만 남기기
🟡 바디스팟 Knee: 9/16 집행 0원 (이전엔 집행) → 광고 꺼짐/검토 대기 확인
🟡 롤링스팟: 9/16 집행 0원 (이전엔 집행) → 광고 꺼짐/검토 대기 확인
🟡 플렌티플렛: 9/16 집행 0원 (이전엔 집행) → 광고 꺼짐/검토 대기 확인
🟢 듀얼포켓건: 건강가전 130→44위 상승 → 유입이 랭킹에 반영 중, 현 예산 유지 또는 증액
→ 웍스 발송: kkeim@oa-world.com
쿠팡 파일 없음
지그재그 파일 없음
경고: 쿠팡: 파일 없음; 지그재그: 파일 없음
업서트 대상: 0행 (2026-08-13 ~ 2026-09-17)
[2026. 9. 17. AM 9:05:00] 랭킹 실판매 동기화 시작
  조회 중... 10행
  → 10행 조회
✅ 동기화 완료
[2026. 9. 17. AM 9:10:00] 전제품 검색순위 동기화 시작
  조회 중... 3339행 (D-90~)  조회 중... 6745행 (D-83~)[2026. 9. 17. AM 9:15:00] 우선순위 동기화 시작
  조회 중... 10146행 (D-76~)발송 완료 (썸네일 5장):
📋 9/17(목) 아침 브리핑

📉 이미용 매출 급락 — 어제 258만원 (7일 평균 2,595만원, -90%)

🎨 소재 검토 7건 (평균 CTR 2.45%)
1. [행사X]에어리소닉_영상1
   ㄴ 7일 62만원 · CTR 0.44%
   ㄴ 재제작: oa-dashboard2.vercel.app/?recreate=%5B%ED%96%89%EC%82%ACX%5D%EC%97%90%EC%96%B4%EB%A6%AC%EC%86%8C%EB%8B%89_%EC%98%81%EC%83%811
2. [행사X]에어리소닉_영상2
   ㄴ 7일 37만원 · CTR 0.84%
   ㄴ 재제작: oa-dashboard2.vercel.app/?recreate=%5B%ED%96%89%EC%82%ACX%5D%EC%97%90%EC%96%B4%EB%A6%AC%EC%86%8C%EB%8B%89_%EC%98%81%EC%83%812
3. 클린이워터B+거치대세트_1위
   ㄴ 7일 17만원 · CTR 1.01%
   ㄴ 재제작: oa-dashboard2.vercel.app/?recreate=%ED%81%B4%EB%A6%B0%EC%9D%B4%EC%9B%8C%ED%84%B0B%2B%EA%B1%B0%EC%B9%98%EB%8C%80%EC%84%B8%ED%8A%B8_1%EC%9C%84
4. [행사X]에어리소닉_워터파크
   ㄴ 7일 14만원 · CTR 0.55%
   ㄴ 재제작: oa-dashboard2.vercel.app/?recreate=%5B%ED%96%89%EC%82%ACX%5D%EC%97%90%EC%96%B4%EB%A6%AC%EC%86%8C%EB%8B%89_%EC%9B%8C%ED%84%B0%ED%8C%8C%ED%81%AC
5. 클린이워터B_욕실버블
   ㄴ 7일 14만원 · CTR 0.79%
   ㄴ 재제작: oa-dashboard2.vercel.app/?recreate=%ED%81%B4%EB%A6%B0%EC%9D%B4%EC%9B%8C%ED%84%B0B_%EC%9A%95%EC%8B%A4%EB%B2%84%EB%B8%94

🎯 오늘의 가설 6건
1. 오아에어리소닉드라이기-베이지
   ㄴ 원인분석 · 담당 미지정❗
2. 오아뿌리볼륨고데기-블랙
   ㄴ 원인분석 · 담당 미지정❗
3. 오아소닉플로우-그레이
   ㄴ 원인분석 · 담당 미지정❗
4. 오아데이지오토고데기-아이보리
   ㄴ 마케팅액션 · 담당 미지정❗
5. 오아에어리소닉드라이기-베이지
   ㄴ 마케팅액션 · 담당 미지정❗
6. 오아프리온무선고데기-핑크
   ㄴ 마케팅액션 · 담당 미지정❗

⚠️ 확인: 메타광고 데이터 누락

👉 oa-dashboard2.vercel.app
  조회 중... 13435행 (D-69~)스마트스토어 동기화 실패: 토큰 실패: {"code":"GW.IP_NOT_ALLOWED","message":"호출이 허용되지 않은 IP입니다.","timestamp":"2026-09-17T09:29:11.189+09:00","traceId":"AaCpOIFPe_2Th0Z-RvyGag^1789545447010^5178945"}
조회 기간: 2026-08-18 ~ 2026-09-16
네이버 로그인 세션 없음/만료 — 먼저 실행: python3 scripts/gfa/gfa_login.py
  조회 중... 16888행 (D-62~)  매출 조회 중... 7689행 (D-180~)  조회 중... 20343행 (D-55~)  조회 중... 20840행 (D-48~)  조회 중... 20840행 (D-41~)  조회 중... 20840행 (D-34~)  조회 중... 20840행 (D-27~)  조회 중... 20840행 (D-20~)  조회 중... 20840행 (D-13~)시트 마지막 날짜: 2026-09-15
메타 인사이트 조회: 2026-09-10 ~ 2026-09-16
628행 (7일: 2026-09-10 ~ 2026-09-16)
웹앱 응답: {'ok': True, 'removed': 575, 'added': 628, 'total': 21372}
완료 — 대시보드 메타 탭 새로고침하면 반영됩니다
  조회 중... 20840행 (D-6~)
  → 키워드 529개 · 20840행 (90일)
  조회 중... 0행  → payload 373KB
✅ 동기화 완료
Traceback (most recent call last):
  File "/Users/kirby/oa-dashboard2/scripts/meta-rules-alert.py", line 418, in <module>
    main()
  File "/Users/kirby/oa-dashboard2/scripts/meta-rules-alert.py", line 305, in main
    adsets += gget(f"{cid}/adsets", token,
  File "/Users/kirby/oa-dashboard2/scripts/meta-rules-alert.py", line 48, in gget
    with urllib.request.urlopen(url, timeout=120) as r:
  File "/Library/Developer/CommandLineTools/Library/Frameworks/Python3.framework/Versions/3.9/lib/python3.9/urllib/request.py", line 214, in urlopen
    return opener.open(url, data, timeout)
  File "/Library/Developer/CommandLineTools/Library/Frameworks/Python3.framework/Versions/3.9/lib/python3.9/urllib/request.py", line 523, in open
    response = meth(req, response)
  File "/Library/Developer/CommandLineTools/Library/Frameworks/Python3.framework/Versions/3.9/lib/python3.9/urllib/request.py", line 632, in http_response
    response = self.parent.error(
  File "/Library/Developer/CommandLineTools/Library/Frameworks/Python3.framework/Versions/3.9/lib/python3.9/urllib/request.py", line 561, in error
    return self._call_chain(*args)
  File "/Library/Developer/CommandLineTools/Library/Frameworks/Python3.framework/Versions/3.9/lib/python3.9/urllib/request.py", line 494, in _call_chain
    result = func(*args)
  File "/Library/Developer/CommandLineTools/Library/Frameworks/Python3.framework/Versions/3.9/lib/python3.9/urllib/request.py", line 641, in http_error_default
    raise HTTPError(req.full_url, code, msg, hdrs, fp)
urllib.error.HTTPError: HTTP Error 502: Bad Gateway
  매출 조회 중... 15690행 (D-150~)  매출 조회 중... 23487행 (D-120~)  매출 조회 중... 31235행 (D-90~)  매출 조회 중... 39101행 (D-60~)  매출 조회 중... 47140행 (D-30~)
  → 품목 383개 · 일별 47140행 (180일)
  조회 중... 200행  조회 중... 328행
  → 작년 동기 데이터 328개 품목
  네이버 광고 조회 중... 0행 (D-180~)  네이버 광고 조회 중... 0행 (D-150~)  네이버 광고 조회 중... 14532행 (D-120~)❌ 오류: fetch failed
발송: 미지정 6건
daily-ad-report 실패: GFA: 네이버 세션 만료 — gfa_login.py 재실행 필요
📊 카카오선물하기 트래픽 9/8~9/17 (9/17 17:30 기준)
메타: 1,698,079원 · 8,501클릭 · CPC 200원 · CPM 4,853원
X (트위터): 282,363원 · 1,516클릭 · CPC 186원 · CPM 464원
표 이미지: https://lugqeflqusqsyotdiaxg.supabase.co/storage/v1/object/public/detail-assets/reports/kakao-traffic/2026-09-17.png?v=1789633813
🏆 선물하기 랭킹 (전일 대비): 500위 내 없음
랭킹 표: https://lugqeflqusqsyotdiaxg.supabase.co/storage/v1/object/public/detail-assets/reports/kakao-traffic/rank-2026-09-17.png?v=1789633822
📌 행동 제안
🔴 퀵터보 2: 광고 집행 중인데 충전기 86→176위 하락 → 클릭이 구매/위시로 안 이어짐, 상세·가격·증정 혜택 점검
🟡 퀵터보 메타: CPC 227원 (목표 150원의 152%) → 타겟 넓히기·입찰 상한 점검·저CPC 소재만 남기기
🟡 바디스팟 Knee: 9/17 집행 0원 (이전엔 집행) → 광고 꺼짐/검토 대기 확인
🟡 롤링스팟: 9/17 집행 0원 (이전엔 집행) → 광고 꺼짐/검토 대기 확인
🟡 플렌티플렛: 9/17 집행 0원 (이전엔 집행) → 광고 꺼짐/검토 대기 확인
🟡 퀵터보 2 메타: CPC 233원 (목표 150원의 155%) → 타겟 넓히기·입찰 상한 점검·저CPC 소재만 남기기
🟡 오늘 신규 소재 1건 → 승인 후 2~3일 CPC 비교, 상위 30%만 남기고 정리
🟢 9/17 총 집행 147,169원 = 일 계획의 105% → 페이싱 정상
🟢 프리온: 뷰티가전 38→32위 상승 → 유입이 랭킹에 반영 중, 현 예산 유지 또는 증액
→ 웍스 발송: kkeim@oa-world.com
[2026. 9. 18. AM 7:00:01] 이미용 동기화 시작 (MCP 경유, 최근 30일)
MySQL(MCP) 조회 중...
  조회 중... 200건  조회 중... 400건  조회 중... 600건  조회 중... 800건  조회 중... 1000건  조회 중... 1200건  조회 중... 1400건  조회 중... 1600건  조회 중... 1800건  조회 중... 2000건  조회 중... 2200건  조회 중... 2400건  조회 중... 2600건  조회 중... 2800건  조회 중... 3000건  조회 중... 3200건  조회 중... 3400건  조회 중... 3600건  조회 중... 3800건  조회 중... 4000건  조회 중... 4200건  조회 중... 4400건  조회 중... 4600건  조회 중... 4800건  조회 중... 5000건  조회 중... 5200건  조회 중... 5400건  조회 중... 5600건  조회 중... 5800건  조회 중... 6000건  조회 중... 6200건  조회 중... 6400건  조회 중... 6600건  조회 중... 6800건  조회 중... 7000건  조회 중... 7200건  조회 중... 7400건  조회 중... 7600건  조회 중... 7800건  조회 중... 8000건  조회 중... 8200건  조회 중... 8400건  조회 중... 8600건  조회 중... 8800건  조회 중... 9000건  조회 중... 9200건  조회 중... 9400건  조회 중... 9600건  조회 중... 9800건  조회 중... 10000건  조회 중... 10200건  조회 중... 10400건  조회 중... 10600건  조회 중... 10800건  조회 중... 11000건  조회 중... 11200건  조회 중... 11400건  조회 중... 11600건  조회 중... 11800건  조회 중... 12000건  조회 중... 12200건  조회 중... 12400건  조회 중... 12600건  조회 중... 12800건  조회 중... 13000건  조회 중... 13200건  조회 중... 13400건  조회 중... 13600건  조회 중... 13800건  조회 중... 14000건  조회 중... 14200건  조회 중... 14400건  조회 중... 14600건  조회 중... 14800건  조회 중... 15000건  조회 중... 15200건  조회 중... 15400건  조회 중... 15600건  조회 중... 15800건  조회 중... 16000건  조회 중... 16200건  조회 중... 16400건  조회 중... 16600건  조회 중... 16800건  조회 중... 16877건
  → 16877건 조회됨
Supabase 업로드 중...
  ↑ 500/16877건 완료
  ↑ 1000/16877건 완료
  ↑ 1500/16877건 완료
  ↑ 2000/16877건 완료
  ↑ 2500/16877건 완료
  ↑ 3000/16877건 완료
  ↑ 3500/16877건 완료
  ↑ 4000/16877건 완료
  ↑ 4500/16877건 완료
  ↑ 5000/16877건 완료
  ↑ 5500/16877건 완료
  ↑ 6000/16877건 완료
  ↑ 6500/16877건 완료
  ↑ 7000/16877건 완료
  ↑ 7500/16877건 완료
  ↑ 8000/16877건 완료
  ↑ 8500/16877건 완료
  ↑ 9000/16877건 완료
  ↑ 9500/16877건 완료
  ↑ 10000/16877건 완료
  ↑ 10500/16877건 완료
  ↑ 11000/16877건 완료
  ↑ 11500/16877건 완료
  ↑ 12000/16877건 완료
  ↑ 12500/16877건 완료
  ↑ 13000/16877건 완료
  ↑ 13500/16877건 완료
  ↑ 14000/16877건 완료
  ↑ 14500/16877건 완료
  ↑ 15000/16877건 완료
  ↑ 15500/16877건 완료
  ↑ 16000/16877건 완료
  ↑ 16500/16877건 완료
  ↑ 16877/16877건 완료
✅ 동기화 완료!
📊 카카오선물하기 트래픽 9/8~9/18 (9/18 08:30 기준)
메타: 1,789,665원 · 8,980클릭 · CPC 199원 · CPM 4,804원
X (트위터): 297,978원 · 1,599클릭 · CPC 186원 · CPM 458원
표 이미지: https://lugqeflqusqsyotdiaxg.supabase.co/storage/v1/object/public/detail-assets/reports/kakao-traffic/2026-09-18.png?v=1789687819
🏆 선물하기 랭킹 (전일 대비): 500위 내 없음
랭킹 표: https://lugqeflqusqsyotdiaxg.supabase.co/storage/v1/object/public/detail-assets/reports/kakao-traffic/rank-2026-09-18.png?v=1789687826
📌 행동 제안
🔴 퀵터보 2: 광고 집행 중인데 충전기 157→169위 하락 → 클릭이 구매/위시로 안 이어짐, 상세·가격·증정 혜택 점검
🟡 9/17 총 집행 201,430원 = 일 계획의 144% → 초과 페이싱, 3주 총액(300만) 기준 재배분
🟡 퀵터보 메타: CPC 242원 (목표 150원의 161%) → 타겟 넓히기·입찰 상한 점검·저CPC 소재만 남기기
🟡 바디스팟 Knee: 9/17 집행 0원 (이전엔 집행) → 광고 꺼짐/검토 대기 확인
🟡 롤링스팟: 9/17 집행 0원 (이전엔 집행) → 광고 꺼짐/검토 대기 확인
🟡 플렌티플렛: 9/17 집행 0원 (이전엔 집행) → 광고 꺼짐/검토 대기 확인
🟡 퀵터보 2 메타: CPC 226원 (목표 150원의 151%) → 타겟 넓히기·입찰 상한 점검·저CPC 소재만 남기기
🟡 어제 신규 소재 1건 → 승인 후 2~3일 CPC 비교, 상위 30%만 남기고 정리
🟢 프리온: 뷰티가전 48→31위 상승 → 유입이 랭킹에 반영 중, 현 예산 유지 또는 증액
→ 웍스 발송: kkeim@oa-world.com
쿠팡 파일 없음
지그재그 파일 없음
경고: 쿠팡: 파일 없음; 지그재그: 파일 없음
업서트 대상: 0행 (2026-08-14 ~ 2026-09-18)
[2026. 9. 18. AM 9:05:01] 랭킹 실판매 동기화 시작
  조회 중... 10행
  → 10행 조회
✅ 동기화 완료
[2026. 9. 18. AM 9:10:00] 전제품 검색순위 동기화 시작
  조회 중... 3359행 (D-90~)  조회 중... 6750행 (D-83~)[2026. 9. 18. AM 9:15:00] 우선순위 동기화 시작
  조회 중... 10089행 (D-76~)  조회 중... 13452행 (D-69~)  조회 중... 16903행 (D-62~)발송 완료 (썸네일 5장):
📋 9/18(금) 아침 브리핑

🎨 소재 검토 6건 (평균 CTR 2.45%)
1. [행사X]에어리소닉_영상1
   ㄴ 7일 59만원 · CTR 0.47%
   ㄴ 재제작: oa-dashboard2.vercel.app/?recreate=%5B%ED%96%89%EC%82%ACX%5D%EC%97%90%EC%96%B4%EB%A6%AC%EC%86%8C%EB%8B%89_%EC%98%81%EC%83%811
2. [행사X]에어리소닉_영상2
   ㄴ 7일 37만원 · CTR 0.82%
   ㄴ 재제작: oa-dashboard2.vercel.app/?recreate=%5B%ED%96%89%EC%82%ACX%5D%EC%97%90%EC%96%B4%EB%A6%AC%EC%86%8C%EB%8B%89_%EC%98%81%EC%83%812
3. [행사X]에어리소닉_워터파크
   ㄴ 7일 20만원 · CTR 0.51%
   ㄴ 재제작: oa-dashboard2.vercel.app/?recreate=%5B%ED%96%89%EC%82%ACX%5D%EC%97%90%EC%96%B4%EB%A6%AC%EC%86%8C%EB%8B%89_%EC%9B%8C%ED%84%B0%ED%8C%8C%ED%81%AC
4. 클린이워터B+거치대세트_1위
   ㄴ 7일 13만원 · CTR 1.00%
   ㄴ 재제작: oa-dashboard2.vercel.app/?recreate=%ED%81%B4%EB%A6%B0%EC%9D%B4%EC%9B%8C%ED%84%B0B%2B%EA%B1%B0%EC%B9%98%EB%8C%80%EC%84%B8%ED%8A%B8_1%EC%9C%84
5. 클린이워터B_욕실버블
   ㄴ 7일 11만원 · CTR 0.79%
   ㄴ 재제작: oa-dashboard2.vercel.app/?recreate=%ED%81%B4%EB%A6%B0%EC%9D%B4%EC%9B%8C%ED%84%B0B_%EC%9A%95%EC%8B%A4%EB%B2%84%EB%B8%94

🎯 오늘의 가설 6건
1. 오아에어리라이트-화이트-리테일
   ㄴ 원인분석 · 담당 미지정❗
2. 오아뿌리볼륨고데기-블랙
   ㄴ 원인분석 · 담당 미지정❗
3. 오아에어리소닉드라이기-베이지
   ㄴ 원인분석 · 담당 미지정❗
4. 오아소닉플로우-베이지
   ㄴ 마케팅액션 · 담당 미지정❗
5. 오아이지봉고데기-화이트
   ㄴ 마케팅액션 · 담당 미지정❗
6. 오아프리온무선고데기-핑크
   ㄴ 마케팅액션 · 담당 미지정❗

⚠️ 확인: 메타광고 데이터 누락

👉 oa-dashboard2.vercel.app
  매출 조회 중... 7739행 (D-180~)  조회 중... 20358행 (D-55~)  조회 중... 20358행 (D-48~)  조회 중... 20358행 (D-41~)  조회 중... 20358행 (D-34~)  조회 중... 20358행 (D-27~)  조회 중... 20358행 (D-20~)  조회 중... 20358행 (D-13~)  조회 중... 20358행 (D-6~)
  → 키워드 529개 · 20358행 (90일)
  조회 중... 0행  → payload 364KB
✅ 동기화 완료
스마트스토어 동기화 실패: 토큰 실패: {"code":"GW.IP_NOT_ALLOWED","message":"호출이 허용되지 않은 IP입니다.","timestamp":"2026-09-18T09:25:01.323+09:00","traceId":"AaCo08Jfdp-mK8Jp-LpO9w^1789538844466^12840949"}
조회 기간: 2026-08-19 ~ 2026-09-17
네이버 로그인 세션 없음/만료 — 먼저 실행: python3 scripts/gfa/gfa_login.py
  매출 조회 중... 15733행 (D-150~)시트 마지막 날짜: 2026-09-16
메타 인사이트 조회: 2026-09-11 ~ 2026-09-17
584행 (7일: 2026-09-11 ~ 2026-09-17)
웹앱 응답: {'ok': True, 'removed': 529, 'added': 584, 'total': 21427}
완료 — 대시보드 메타 탭 새로고침하면 반영됩니다
  매출 조회 중... 23514행 (D-120~)📣 아침 광고 브리핑 (가중구매=클릭+뷰×0.3)

━━ 📈 메타 (어제)
합계 ₩820,219 · 클릭구매 10 (+뷰 53) · ROAS 3.5 · 가중CPA ₩31,669
· 부스터팀_뷰티가전_전환: ₩315,440 · 구매 9+뷰53 · ROAS 8.9
· 부스터팀_구강가전_트래픽: ₩262,115 · 구매 0+뷰0 · ROAS 0.0 ⚠️점검
· 부스터즈팀_카카오선물하기_트래픽: ₩176,480 · 구매 0+뷰0 · ROAS 0.0 ⚠️점검
· 부스터팀_뷰티가전_트래픽: ₩59,544 · 구매 1+뷰0 · ROAS 0.6 ⚠️점검
· 부스터팀_오앙이 게시물 참여 - 사본: ₩4,111 · 구매 0+뷰0 · ROAS 0.0

━━ 📣 메타 룰 판정 (7일)

✅ 모든 활성 세트가 룰 범위 안 — 조치 없음

(트래픽 목표 세트 24개는 CPA 룰 제외)

━━ 🛒 네이버 검색광고 (어제)
합계 ₩2,160,636 · 전환 550 · ROAS 15.1
· 상품형_욕실: ₩411,782 · 전환 133 · ROAS 18.1
· 상품형_건강: ₩407,869 · 전환 28 · ROAS 3.9
· 상품형_이미용: ₩337,427 · 전환 118 · ROAS 25.8
· 상품형_계절가전: ₩305,864 · 전환 59 · ROAS 11.1
· 상품형_모바일: ₩140,472 · 전환 22 · ROAS 5.7
· 상품형_인테리어: ₩119,876 · 전환 30 · ROAS 11.3

🚀 AD부스터 실패: 광고주센터 로그인 실패 — 캡차/2단계 가능성, ads_login.py로 수동 확인 — NID 캡차 가능성, ads_login.py 확인

📊 GFA 데이터 실패: 네이버 세션 만료 — gfa_login.py 재실행 필요 — gfa_login.py로 세션 확인

━━ 📅 시즌
⏰ 추석 D-7 — 소재 준비: 기프트박스·장바구니 사전담기
⏰ 10월 연휴 D-14 — 소재 준비: 휴대 소구
→ 텔레그램 발송 완료
  매출 조회 중... 31274행 (D-90~)  매출 조회 중... 39158행 (D-60~)❌ 오류: fetch failed
발송: 미지정 6건
daily-ad-report 실패: GFA: 네이버 세션 만료 — gfa_login.py 재실행 필요
📊 카카오선물하기 트래픽 9/8~9/18 (9/18 17:30 기준) · 집행 중 광고만
메타: 948,805원 · 5,049클릭 · CPC 188원 · CPM 4,884원
X (트위터): 299,281원 · 1,612클릭 · CPC 186원 · CPM 456원
⏸ 꺼진 광고 제외: 퀵터보(메타), 바디스팟 Knee(메타), 롤링스팟(메타), 플렌티플렛(메타), 퀵터보 2(메타), 롤링스팟(X (트위터))
표 이미지: https://lugqeflqusqsyotdiaxg.supabase.co/storage/v1/object/public/detail-assets/reports/kakao-traffic/2026-09-18.png?v=1789720211
🏆 선물하기 랭킹 (전일 대비): 히트스팟S 가전·디지털 10위/목표5 · 포핸드 가전·디지털 31위/목표30 · 듀얼포켓건 건강가전 65위/목표30 · 퀵터보 충전기 65위/목표30 ▲111 · 웨이스트레쳐 건강가전 105위/목표30 · 듀얼미스트 가습기 계절가전 9위/목표1 · 촛불후 스피커 음향가전 281위/목표30
랭킹 표: https://lugqeflqusqsyotdiaxg.supabase.co/storage/v1/object/public/detail-assets/reports/kakao-traffic/rank-2026-09-18.png?v=1789720221
📌 행동 제안
🔴 듀얼포켓건 X (트위터): CPC 156원→188원 상승+클릭 감소 → 소재 피로, 신규 소재로 교체/추가
🟡 9/18 총 집행 54,198원 = 일 계획(140,000원)의 39% → 예산 소진 부진, 세트별 일예산 상향 또는 소재 추가 검토
🟡 히트스팟S: 광고 ACTIVE인데 집행 데이터 없음 → 검토중 승인 대기 또는 예산 미배정 확인
🟡 포핸드: 광고 ACTIVE인데 집행 데이터 없음 → 검토중 승인 대기 또는 예산 미배정 확인
🟡 퀵터보: 광고 ACTIVE인데 집행 데이터 없음 → 검토중 승인 대기 또는 예산 미배정 확인
🟡 렛츠플레이핏: 광고 ACTIVE인데 집행 데이터 없음 → 검토중 승인 대기 또는 예산 미배정 확인
🟡 웨이스트레쳐: 광고 ACTIVE인데 집행 데이터 없음 → 검토중 승인 대기 또는 예산 미배정 확인
🟡 듀얼미스트 가습기: 광고 ACTIVE인데 집행 데이터 없음 → 검토중 승인 대기 또는 예산 미배정 확인
🟡 촛불후 스피커: 광고 ACTIVE인데 집행 데이터 없음 → 검토중 승인 대기 또는 예산 미배정 확인
→ 웍스 발송: kkeim@oa-world.com
[2026. 9. 19. AM 7:00:02] 이미용 동기화 시작 (MCP 경유, 최근 30일)
MySQL(MCP) 조회 중...
  조회 중... 200건  조회 중... 400건  조회 중... 600건  조회 중... 800건  조회 중... 1000건  조회 중... 1200건  조회 중... 1400건  조회 중... 1600건  조회 중... 1800건  조회 중... 2000건  조회 중... 2200건  조회 중... 2400건  조회 중... 2600건  조회 중... 2800건  조회 중... 3000건  조회 중... 3200건  조회 중... 3400건  조회 중... 3600건  조회 중... 3800건  조회 중... 4000건  조회 중... 4200건  조회 중... 4400건  조회 중... 4600건  조회 중... 4800건  조회 중... 5000건  조회 중... 5200건  조회 중... 5400건  조회 중... 5600건  조회 중... 5800건  조회 중... 6000건  조회 중... 6200건  조회 중... 6400건  조회 중... 6600건  조회 중... 6800건  조회 중... 7000건  조회 중... 7200건  조회 중... 7400건  조회 중... 7600건  조회 중... 7800건  조회 중... 8000건  조회 중... 8200건  조회 중... 8400건  조회 중... 8600건  조회 중... 8800건  조회 중... 9000건  조회 중... 9200건  조회 중... 9400건  조회 중... 9600건  조회 중... 9800건  조회 중... 10000건  조회 중... 10200건  조회 중... 10400건  조회 중... 10600건  조회 중... 10800건  조회 중... 11000건  조회 중... 11200건  조회 중... 11400건  조회 중... 11600건  조회 중... 11800건  조회 중... 12000건  조회 중... 12200건  조회 중... 12400건  조회 중... 12600건  조회 중... 12800건  조회 중... 13000건  조회 중... 13200건  조회 중... 13400건  조회 중... 13600건  조회 중... 13800건  조회 중... 14000건  조회 중... 14200건  조회 중... 14400건  조회 중... 14600건  조회 중... 14800건  조회 중... 15000건  조회 중... 15200건  조회 중... 15400건  조회 중... 15600건  조회 중... 15800건  조회 중... 16000건  조회 중... 16200건  조회 중... 16400건  조회 중... 16600건  조회 중... 16649건
  → 16649건 조회됨
Supabase 업로드 중...
  ↑ 500/16649건 완료
  ↑ 1000/16649건 완료
  ↑ 1500/16649건 완료
  ↑ 2000/16649건 완료
  ↑ 2500/16649건 완료
  ↑ 3000/16649건 완료
  ↑ 3500/16649건 완료
  ↑ 4000/16649건 완료
  ↑ 4500/16649건 완료
  ↑ 5000/16649건 완료
  ↑ 5500/16649건 완료
  ↑ 6000/16649건 완료
  ↑ 6500/16649건 완료
  ↑ 7000/16649건 완료
  ↑ 7500/16649건 완료
  ↑ 8000/16649건 완료
  ↑ 8500/16649건 완료
  ↑ 9000/16649건 완료
  ↑ 9500/16649건 완료
  ↑ 10000/16649건 완료
  ↑ 10500/16649건 완료
  ↑ 11000/16649건 완료
  ↑ 11500/16649건 완료
  ↑ 12000/16649건 완료
  ↑ 12500/16649건 완료
  ↑ 13000/16649건 완료
  ↑ 13500/16649건 완료
  ↑ 14000/16649건 완료
  ↑ 14500/16649건 완료
  ↑ 15000/16649건 완료
  ↑ 15500/16649건 완료
  ↑ 16000/16649건 완료
  ↑ 16500/16649건 완료
  ↑ 16649/16649건 완료
✅ 동기화 완료!
쿠팡 파일 없음
지그재그 파일 없음
경고: 쿠팡: 파일 없음; 지그재그: 파일 없음
업서트 대상: 0행 (2026-08-15 ~ 2026-09-19)
스마트스토어 동기화 실패: 토큰 실패: {"code":"GW.IP_NOT_ALLOWED","message":"호출이 허용되지 않은 IP입니다.","timestamp":"2026-09-19T09:25:00.438+09:00","traceId":"AaCpOIoZcJi6lec5r8GSlQ^1789545449254^21767555"}
조회 기간: 2026-08-20 ~ 2026-09-18
네이버 로그인 세션 없음/만료 — 먼저 실행: python3 scripts/gfa/gfa_login.py
시트 마지막 날짜: 2026-09-17
메타 인사이트 조회: 2026-09-12 ~ 2026-09-18
505행 (7일: 2026-09-12 ~ 2026-09-18)
웹앱 응답: {'ok': True, 'removed': 467, 'added': 505, 'total': 21465}
완료 — 대시보드 메타 탭 새로고침하면 반영됩니다
📣 아침 광고 브리핑 (가중구매=클릭+뷰×0.3)

━━ 📈 메타 (어제)
합계 ₩720,271 · 클릭구매 7 (+뷰 27) · ROAS 2.4 · 가중CPA ₩47,700
· 부스터팀_구강가전_트래픽: ₩291,886 · 구매 0+뷰1 · ROAS 0.1 ⚠️점검
· 부스터팀_뷰티가전_전환: ₩290,745 · 구매 7+뷰26 · ROAS 5.7
· 부스터즈팀_카카오선물하기_트래픽: ₩84,653 · 구매 0+뷰0 · ROAS 0.0 ⚠️점검
· 부스터팀_뷰티가전_트래픽: ₩47,969 · 구매 0+뷰0 · ROAS 0.0 ⚠️점검
· 부스터팀_오앙이 게시물 참여 - 사본: ₩5,018 · 구매 0+뷰0 · ROAS 0.0

━━ 📣 메타 룰 판정 (7일)

✅ 모든 활성 세트가 룰 범위 안 — 조치 없음

(트래픽 목표 세트 24개는 CPA 룰 제외)

━━ 🛒 네이버 검색광고 (어제)
합계 ₩1,939,211 · 전환 456 · ROAS 15.4
· 상품형_욕실: ₩404,193 · 전환 132 · ROAS 20.3
· 상품형_건강: ₩392,562 · 전환 33 · ROAS 7.9
· 상품형_이미용: ₩297,244 · 전환 87 · ROAS 22.8
· 상품형_계절가전: ₩212,019 · 전환 42 · ROAS 12.1
· 상품형_모바일: ₩142,797 · 전환 29 · ROAS 8.2
· 파워링크_건강: ₩96,644 · 전환 5 · ROAS 2.5

🚀 AD부스터 실패: 광고주센터 로그인 실패 — 캡차/2단계 가능성, ads_login.py로 수동 확인 — NID 캡차 가능성, ads_login.py 확인

📊 GFA 데이터 실패: 네이버 세션 만료 — gfa_login.py 재실행 필요 — gfa_login.py로 세션 확인
→ 텔레그램 발송 완료
발송: 미지정 6건
daily-ad-report 실패: GFA: 네이버 세션 만료 — gfa_login.py 재실행 필요
[2026. 9. 20. AM 7:00:01] 이미용 동기화 시작 (MCP 경유, 최근 30일)
MySQL(MCP) 조회 중...
  조회 중... 200건  조회 중... 400건  조회 중... 600건  조회 중... 800건  조회 중... 1000건  조회 중... 1200건  조회 중... 1400건  조회 중... 1600건  조회 중... 1800건  조회 중... 2000건  조회 중... 2200건  조회 중... 2400건  조회 중... 2600건  조회 중... 2800건  조회 중... 3000건  조회 중... 3200건  조회 중... 3400건  조회 중... 3600건  조회 중... 3800건  조회 중... 4000건  조회 중... 4200건  조회 중... 4400건  조회 중... 4600건  조회 중... 4800건  조회 중... 5000건  조회 중... 5200건  조회 중... 5400건  조회 중... 5600건  조회 중... 5800건  조회 중... 6000건  조회 중... 6200건  조회 중... 6400건  조회 중... 6600건  조회 중... 6800건  조회 중... 7000건  조회 중... 7200건  조회 중... 7400건  조회 중... 7600건  조회 중... 7800건  조회 중... 8000건  조회 중... 8200건  조회 중... 8400건  조회 중... 8600건  조회 중... 8800건  조회 중... 9000건  조회 중... 9200건  조회 중... 9400건  조회 중... 9600건  조회 중... 9800건  조회 중... 10000건  조회 중... 10200건  조회 중... 10400건  조회 중... 10600건  조회 중... 10800건  조회 중... 11000건  조회 중... 11200건  조회 중... 11400건  조회 중... 11600건  조회 중... 11800건  조회 중... 12000건  조회 중... 12200건  조회 중... 12400건  조회 중... 12600건  조회 중... 12800건  조회 중... 13000건  조회 중... 13200건  조회 중... 13400건  조회 중... 13600건  조회 중... 13800건  조회 중... 14000건  조회 중... 14200건  조회 중... 14400건  조회 중... 14600건  조회 중... 14800건  조회 중... 15000건  조회 중... 15200건  조회 중... 15400건  조회 중... 15600건  조회 중... 15800건  조회 중... 16000건  조회 중... 16200건  조회 중... 16400건  조회 중... 16439건
  → 16439건 조회됨
Supabase 업로드 중...
  ↑ 500/16439건 완료
  ↑ 1000/16439건 완료
  ↑ 1500/16439건 완료
  ↑ 2000/16439건 완료
  ↑ 2500/16439건 완료
  ↑ 3000/16439건 완료
  ↑ 3500/16439건 완료
  ↑ 4000/16439건 완료
  ↑ 4500/16439건 완료
  ↑ 5000/16439건 완료
  ↑ 5500/16439건 완료
  ↑ 6000/16439건 완료
  ↑ 6500/16439건 완료
  ↑ 7000/16439건 완료
  ↑ 7500/16439건 완료
  ↑ 8000/16439건 완료
  ↑ 8500/16439건 완료
  ↑ 9000/16439건 완료
  ↑ 9500/16439건 완료
  ↑ 10000/16439건 완료
  ↑ 10500/16439건 완료
  ↑ 11000/16439건 완료
  ↑ 11500/16439건 완료
  ↑ 12000/16439건 완료
  ↑ 12500/16439건 완료
  ↑ 13000/16439건 완료
  ↑ 13500/16439건 완료
  ↑ 14000/16439건 완료
  ↑ 14500/16439건 완료
  ↑ 15000/16439건 완료
  ↑ 15500/16439건 완료
  ↑ 16000/16439건 완료
  ↑ 16439/16439건 완료
✅ 동기화 완료!
쿠팡 파일 없음
지그재그 파일 없음
경고: 쿠팡: 파일 없음; 지그재그: 파일 없음
업서트 대상: 0행 (2026-08-16 ~ 2026-09-20)
[2026. 9. 20. AM 9:05:00] 랭킹 실판매 동기화 시작
  조회 중... 10행
  → 10행 조회
✅ 동기화 완료
[2026. 9. 20. AM 9:10:00] 전제품 검색순위 동기화 시작
  조회 중... 3349행 (D-90~)  조회 중... 6739행 (D-83~)  조회 중... 10087행 (D-76~)  조회 중... 13450행 (D-69~)  조회 중... 16907행 (D-62~)  조회 중... 19375행 (D-55~)  조회 중... 19375행 (D-48~)  조회 중... 19375행 (D-41~)  조회 중... 19375행 (D-34~)  조회 중... 19375행 (D-27~)  조회 중... 19375행 (D-20~)  조회 중... 19375행 (D-13~)  조회 중... 19375행 (D-6~)
  → 키워드 529개 · 19375행 (90일)
  조회 중... 0행  → payload 347KB
✅ 동기화 완료
[2026. 9. 20. AM 9:15:00] 우선순위 동기화 시작
  매출 조회 중... 7769행 (D-180~)발송 완료 (썸네일 4장):
📋 9/20(일) 아침 브리핑

📉 이미용 매출 급락 — 어제 748만원 (7일 평균 2,777만원, -73%)

🎨 소재 검토 4건 (평균 CTR 2.19%)
1. [행사X]에어리소닉_영상1
   ㄴ 7일 48만원 · CTR 0.45%
   ㄴ 재제작: oa-dashboard2.vercel.app/?recreate=%5B%ED%96%89%EC%82%ACX%5D%EC%97%90%EC%96%B4%EB%A6%AC%EC%86%8C%EB%8B%89_%EC%98%81%EC%83%811
2. [행사X]에어리소닉_워터파크
   ㄴ 7일 36만원 · CTR 0.42%
   ㄴ 재제작: oa-dashboard2.vercel.app/?recreate=%5B%ED%96%89%EC%82%ACX%5D%EC%97%90%EC%96%B4%EB%A6%AC%EC%86%8C%EB%8B%89_%EC%9B%8C%ED%84%B0%ED%8C%8C%ED%81%AC
3. [행사X]에어리소닉_영상2
   ㄴ 7일 30만원 · CTR 0.76%
   ㄴ 재제작: oa-dashboard2.vercel.app/?recreate=%5B%ED%96%89%EC%82%ACX%5D%EC%97%90%EC%96%B4%EB%A6%AC%EC%86%8C%EB%8B%89_%EC%98%81%EC%83%812
4. [행사X]에어리소닉_강쥐
   ㄴ 7일 20만원 · CTR 0.98%
   ㄴ 재제작: oa-dashboard2.vercel.app/?recreate=%5B%ED%96%89%EC%82%ACX%5D%EC%97%90%EC%96%B4%EB%A6%AC%EC%86%8C%EB%8B%89_%EA%B0%95%EC%A5%90

🎯 오늘의 가설 6건
1. 오아에어리라이트-화이트-리테일
   ㄴ 원인분석 · 담당 미지정❗
2. 오아물결고데기
   ㄴ 원인분석 · 담당 미지정❗
3. 오아뿌리볼륨고데기-블랙
   ㄴ 원인분석 · 담당 미지정❗
4. 오아에어리소닉드라이기-핑크
   ㄴ 마케팅액션 · 담당 미지정❗
5. 오아이지봉고데기-화이트
   ㄴ 마케팅액션 · 담당 미지정❗
6. 오아소닉플로우-베이지
   ㄴ 마케팅액션 · 담당 미지정❗

⚠️ 확인: 메타광고 데이터 누락

👉 oa-dashboard2.vercel.app
스마트스토어 동기화 실패: 토큰 실패: {"code":"GW.IP_NOT_ALLOWED","message":"호출이 허용되지 않은 IP입니다.","timestamp":"2026-09-20T09:25:01.043+09:00","traceId":"AaCo01_SeRSA7wm5cC6MEA^1789538819257^28082191"}
  매출 조회 중... 15757행 (D-150~)조회 기간: 2026-08-21 ~ 2026-09-19
네이버 로그인 세션 없음/만료 — 먼저 실행: python3 scripts/gfa/gfa_login.py
  매출 조회 중... 23493행 (D-120~)  매출 조회 중... 31315행 (D-90~)시트 마지막 날짜: 2026-09-18
메타 인사이트 조회: 2026-09-13 ~ 2026-09-19
436행 (7일: 2026-09-13 ~ 2026-09-19)
웹앱 응답: {'ok': True, 'removed': 403, 'added': 436, 'total': 21498}
완료 — 대시보드 메타 탭 새로고침하면 반영됩니다
  매출 조회 중... 39191행 (D-60~)📣 아침 광고 브리핑 (가중구매=클릭+뷰×0.3)

━━ 📈 메타 (어제)
합계 ₩710,445 · 클릭구매 3 (+뷰 34) · ROAS 2.5 · 가중CPA ₩53,822
· 부스터팀_뷰티가전_전환: ₩360,645 · 구매 2+뷰31 · ROAS 4.3
· 부스터팀_구강가전_트래픽: ₩242,784 · 구매 0+뷰3 · ROAS 0.6 ⚠️점검
· 부스터즈팀_카카오선물하기_트래픽: ₩57,218 · 구매 0+뷰0 · ROAS 0.0 ⚠️점검
· 부스터팀_뷰티가전_트래픽: ₩46,551 · 구매 1+뷰0 · ROAS 1.3
· 부스터팀_오앙이 게시물 참여 - 사본: ₩3,247 · 구매 0+뷰0 · ROAS 0.0

━━ 📣 메타 룰 판정 (7일)

👀 관찰 1건
· [부스터팀_뷰티가전_전환] [전환]260622_에어리소닉 재활용예정
  7일 CPA ₩20,010 — 소재 교체 검토

(트래픽 목표 세트 24개는 CPA 룰 제외)

━━ 🛒 네이버 검색광고 (어제)
합계 ₩1,897,535 · 전환 401 · ROAS 14.4
· 상품형_건강: ₩398,976 · 전환 27 · ROAS 5.0
· 상품형_욕실: ₩331,049 · 전환 98 · ROAS 19.3
· 상품형_이미용: ₩312,529 · 전환 90 · ROAS 18.6
· 상품형_계절가전: ₩182,405 · 전환 52 · ROAS 16.3
· 상품형_모바일: ₩146,213 · 전환 21 · ROAS 23.0
· 상품형_인테리어: ₩133,120 · 전환 25 · ROAS 11.0

🚀 AD부스터 실패: 광고주센터 로그인 실패 — 캡차/2단계 가능성, ads_login.py로 수동 확인 — NID 캡차 가능성, ads_login.py 확인

📊 GFA 데이터 실패: 네이버 세션 만료 — gfa_login.py 재실행 필요 — gfa_login.py로 세션 확인
→ 텔레그램 발송 완료
  매출 조회 중... 47114행 (D-30~)
  → 품목 384개 · 일별 47114행 (180일)
  조회 중... 200행  조회 중... 319행
  → 작년 동기 데이터 319개 품목
  네이버 광고 조회 중... 0행 (D-180~)  네이버 광고 조회 중... 0행 (D-150~)  네이버 광고 조회 중... 16859행 (D-120~)  네이버 광고 조회 중... 40256행 (D-90~)  네이버 광고 조회 중... 40256행 (D-60~)  네이버 광고 조회 중... 40256행 (D-30~)
  → 네이버 광고그룹 819개 중 490개 제품 매칭
  조회 중... 15행
  → payload 1490KB
✅ 동기화 완료
발송: 미지정 6건
daily-ad-report 실패: GFA: 네이버 세션 만료 — gfa_login.py 재실행 필요
[2026. 9. 21. AM 7:00:00] 이미용 동기화 시작 (MCP 경유, 최근 30일)
MySQL(MCP) 조회 중...
  조회 중... 200건  조회 중... 400건  조회 중... 600건  조회 중... 800건  조회 중... 1000건  조회 중... 1200건  조회 중... 1400건  조회 중... 1600건  조회 중... 1800건  조회 중... 2000건  조회 중... 2200건  조회 중... 2400건  조회 중... 2600건  조회 중... 2800건  조회 중... 3000건  조회 중... 3200건  조회 중... 3400건  조회 중... 3600건  조회 중... 3800건  조회 중... 4000건  조회 중... 4200건  조회 중... 4400건  조회 중... 4600건  조회 중... 4800건  조회 중... 5000건  조회 중... 5200건  조회 중... 5400건  조회 중... 5600건  조회 중... 5800건  조회 중... 6000건  조회 중... 6200건  조회 중... 6400건❌ 오류: terminated
쿠팡 파일 없음
지그재그 파일 없음
경고: 쿠팡: 파일 없음; 지그재그: 파일 없음
업서트 대상: 0행 (2026-08-17 ~ 2026-09-21)
[2026. 9. 21. AM 9:05:00] 랭킹 실판매 동기화 시작
  조회 중... 10행
  → 10행 조회
✅ 동기화 완료
[2026. 9. 21. AM 9:10:00] 전제품 검색순위 동기화 시작
  조회 중... 3344행 (D-90~)[2026. 9. 21. AM 9:15:00] 우선순위 동기화 시작
  조회 중... 6738행 (D-83~)발송 완료 (썸네일 5장):
📋 9/21(월) 아침 브리핑

📉 이미용 매출 급락 — 어제 61만원 (7일 평균 2,327만원, -97%)

🎨 소재 검토 6건 (평균 CTR 1.97%)
1. [행사X]에어리소닉_영상1
   ㄴ 7일 47만원 · CTR 0.41%
   ㄴ 재제작: oa-dashboard2.vercel.app/?recreate=%5B%ED%96%89%EC%82%ACX%5D%EC%97%90%EC%96%B4%EB%A6%AC%EC%86%8C%EB%8B%89_%EC%98%81%EC%83%811
2. [행사X]에어리소닉_워터파크
   ㄴ 7일 44만원 · CTR 0.42%
   ㄴ 재제작: oa-dashboard2.vercel.app/?recreate=%5B%ED%96%89%EC%82%ACX%5D%EC%97%90%EC%96%B4%EB%A6%AC%EC%86%8C%EB%8B%89_%EC%9B%8C%ED%84%B0%ED%8C%8C%ED%81%AC
3. [행사X]에어리소닉_영상2
   ㄴ 7일 26만원 · CTR 0.69%
   ㄴ 재제작: oa-dashboard2.vercel.app/?recreate=%5B%ED%96%89%EC%82%ACX%5D%EC%97%90%EC%96%B4%EB%A6%AC%EC%86%8C%EB%8B%89_%EC%98%81%EC%83%812
4. 소닉플로우_헬스장드라이기아직도쓰세요
   ㄴ 7일 20만원 · CTR 0.98%
   ㄴ 재제작: oa-dashboard2.vercel.app/?recreate=%EC%86%8C%EB%8B%89%ED%94%8C%EB%A1%9C%EC%9A%B0_%ED%97%AC%EC%8A%A4%EC%9E%A5%EB%93%9C%EB%9D%BC%EC%9D%B4%EA%B8%B0%EC%95%84%EC%A7%81%EB%8F%84%EC%93%B0%EC%84%B8%EC%9A%94
5. [행사X]에어리소닉_강쥐
   ㄴ 7일 17만원 · CTR 0.90%
   ㄴ 재제작: oa-dashboard2.vercel.app/?recreate=%5B%ED%96%89%EC%82%ACX%5D%EC%97%90%EC%96%B4%EB%A6%AC%EC%86%8C%EB%8B%89_%EA%B0%95%EC%A5%90

🎯 오늘의 가설 6건
1. 오아에어리라이트-화이트-리테일
   ㄴ 원인분석 · 담당 미지정❗
2. 오아물결고데기
   ㄴ 원인분석 · 담당 미지정❗
3. 오아에어리소닉드라이기-베이지
   ㄴ 원인분석 · 담당 미지정❗
4. 오아이지봉고데기-화이트
   ㄴ 마케팅액션 · 담당 미지정❗
5. 오아에어리소닉드라이기-핑크
   ㄴ 마케팅액션 · 담당 미지정❗
6. 오아소닉플로우-베이지
   ㄴ 마케팅액션 · 담당 미지정❗

⚠️ 확인: 메타광고 데이터 누락

🏆 지난주 실행률: 미지정 0/42

👉 oa-dashboard2.vercel.app
  조회 중... 10093행 (D-76~)  조회 중... 13458행 (D-69~)  매출 조회 중... 7770행 (D-180~)스마트스토어 동기화 실패: 토큰 실패: {"code":"GW.IP_NOT_ALLOWED","message":"호출이 허용되지 않은 IP입니다.","timestamp":"2026-09-21T09:25:01.338+09:00","traceId":"AaCo047NcJaxbyszmxGlGg^1789538831350^35006084"}
  조회 중... 16917행 (D-62~)  조회 중... 18894행 (D-55~)  조회 중... 18894행 (D-48~)  조회 중... 18894행 (D-41~)  조회 중... 18894행 (D-34~)  조회 중... 18894행 (D-27~)  조회 중... 18894행 (D-20~)  조회 중... 18894행 (D-13~)  조회 중... 18894행 (D-6~)
  → 키워드 529개 · 18894행 (90일)
  조회 중... 0행  → payload 339KB
✅ 동기화 완료
조회 기간: 2026-08-22 ~ 2026-09-20
네이버 로그인 세션 없음/만료 — 먼저 실행: python3 scripts/gfa/gfa_login.py
  매출 조회 중... 15728행 (D-150~)시트 마지막 날짜: 2026-09-19
메타 인사이트 조회: 2026-09-14 ~ 2026-09-20
367행 (7일: 2026-09-14 ~ 2026-09-20)
웹앱 응답: {'ok': True, 'removed': 335, 'added': 367, 'total': 21530}
완료 — 대시보드 메타 탭 새로고침하면 반영됩니다
📣 아침 광고 브리핑 (가중구매=클릭+뷰×0.3)

━━ 📈 메타 (어제)
합계 ₩815,009 · 클릭구매 9 (+뷰 45) · ROAS 2.6 · 가중CPA ₩36,223
· 부스터팀_뷰티가전_전환: ₩357,731 · 구매 8+뷰42 · ROAS 5.6
· 부스터팀_구강가전_트래픽: ₩332,890 · 구매 0+뷰3 · ROAS 0.3 ⚠️점검
· 부스터즈팀_카카오선물하기_트래픽: ₩61,040 · 구매 0+뷰0 · ROAS 0.0 ⚠️점검
· 부스터팀_뷰티가전_트래픽: ₩56,206 · 구매 1+뷰0 · ROAS 1.1
· 부스터팀_오앙이 게시물 참여 - 사본: ₩7,142 · 구매 0+뷰0 · ROAS 0.0

━━ 📣 메타 룰 판정 (7일)

✅ 모든 활성 세트가 룰 범위 안 — 조치 없음

(트래픽 목표 세트 24개는 CPA 룰 제외)

━━ 🛒 네이버 검색광고 (어제)
합계 ₩2,178,503 · 전환 481 · ROAS 12.7
· 상품형_욕실: ₩410,552 · 전환 122 · ROAS 17.0
· 상품형_건강: ₩402,279 · 전환 46 · ROAS 7.1
· 상품형_이미용: ₩356,908 · 전환 83 · ROAS 15.9
· 상품형_계절가전: ₩227,038 · 전환 37 · ROAS 9.5
· 상품형_모바일: ₩167,172 · 전환 38 · ROAS 8.4
· 상품형_인테리어: ₩144,922 · 전환 29 · ROAS 11.6

🚀 AD부스터 실패: 광고주센터 로그인 실패 — 캡차/2단계 가능성, ads_login.py로 수동 확인 — NID 캡차 가능성, ads_login.py 확인

📊 GFA 데이터 실패: 네이버 세션 만료 — gfa_login.py 재실행 필요 — gfa_login.py로 세션 확인
→ 텔레그램 발송 완료
  매출 조회 중... 23492행 (D-120~)  매출 조회 중... 31311행 (D-90~)  매출 조회 중... 39184행 (D-60~)  매출 조회 중... 47171행 (D-30~)
  → 품목 384개 · 일별 47171행 (180일)
  조회 중... 200행  조회 중... 319행
  → 작년 동기 데이터 319개 품목
  네이버 광고 조회 중... 0행 (D-180~)  네이버 광고 조회 중... 0행 (D-150~)  네이버 광고 조회 중... 17637행 (D-120~)  네이버 광고 조회 중... 40256행 (D-90~)  네이버 광고 조회 중... 40256행 (D-60~)  네이버 광고 조회 중... 40256행 (D-30~)
  → 네이버 광고그룹 819개 중 490개 제품 매칭
  조회 중... 15행
  → payload 1492KB
✅ 동기화 완료
발송: 미지정 6건
daily-ad-report 실패: GFA: 네이버 세션 만료 — gfa_login.py 재실행 필요
📊 카카오선물하기 트래픽 9/8~9/21 (9/21 17:30 기준) · 집행 중 광고만
메타: 1,119,093원 · 6,167클릭 · CPC 181원 · CPM 4,889원
X (트위터): 299,326원 · 1,613클릭 · CPC 186원 · CPM 456원
⏸ 꺼진 광고 제외: 퀵터보(메타), 바디스팟 Knee(메타), 롤링스팟(메타), 플렌티플렛(메타), 퀵터보 2(메타), 롤링스팟(X (트위터))
표 이미지: https://lugqeflqusqsyotdiaxg.supabase.co/storage/v1/object/public/detail-assets/reports/kakao-traffic/2026-09-21.png?v=1789979412
🏆 선물하기 랭킹 (전일 대비): 히트스팟S 가전·디지털 2위 ✓ ▲8 · 포핸드 가전·디지털 236위/목표30 ▼205 · 듀얼포켓건 건강가전 151위/목표30 ▼86 · 퀵터보 충전기 243위/목표30 ▼178 · 웨이스트레쳐 건강가전 114위/목표30 ▼9 · 듀얼미스트 가습기 계절가전 21위/목표1 ▼12 · 촛불후 스피커 음향가전 98위/목표30 ▲183
랭킹 표: https://lugqeflqusqsyotdiaxg.supabase.co/storage/v1/object/public/detail-assets/reports/kakao-traffic/rank-2026-09-21.png?v=1789979424
📌 행동 제안
🟡 9/21 총 집행 29,349원 = 일 계획(140,000원)의 21% → 예산 소진 부진, 세트별 일예산 상향 또는 소재 추가 검토
🟡 듀얼포켓건: 9/21 집행 0원 (이전엔 집행) → 광고 꺼짐/검토 대기 확인
🟡 히트스팟S: 광고 ACTIVE인데 집행 데이터 없음 → 검토중 승인 대기 또는 예산 미배정 확인
🟡 포핸드: 광고 ACTIVE인데 집행 데이터 없음 → 검토중 승인 대기 또는 예산 미배정 확인
🟡 퀵터보: 광고 ACTIVE인데 집행 데이터 없음 → 검토중 승인 대기 또는 예산 미배정 확인
🟡 렛츠플레이핏: 광고 ACTIVE인데 집행 데이터 없음 → 검토중 승인 대기 또는 예산 미배정 확인
🟡 웨이스트레쳐: 광고 ACTIVE인데 집행 데이터 없음 → 검토중 승인 대기 또는 예산 미배정 확인
🟡 듀얼미스트 가습기: 광고 ACTIVE인데 집행 데이터 없음 → 검토중 승인 대기 또는 예산 미배정 확인
🟡 촛불후 스피커: 광고 ACTIVE인데 집행 데이터 없음 → 검토중 승인 대기 또는 예산 미배정 확인
→ 웍스 발송: kkeim@oa-world.com
[2026. 9. 22. AM 7:00:00] 이미용 동기화 시작 (MCP 경유, 최근 30일)
MySQL(MCP) 조회 중...
  조회 중... 200건  조회 중... 400건  조회 중... 600건  조회 중... 800건  조회 중... 1000건  조회 중... 1200건  조회 중... 1400건  조회 중... 1600건  조회 중... 1800건  조회 중... 2000건  조회 중... 2200건  조회 중... 2400건  조회 중... 2600건  조회 중... 2800건  조회 중... 3000건  조회 중... 3200건  조회 중... 3400건  조회 중... 3600건  조회 중... 3800건  조회 중... 4000건  조회 중... 4200건  조회 중... 4400건  조회 중... 4600건  조회 중... 4800건  조회 중... 5000건  조회 중... 5200건  조회 중... 5400건  조회 중... 5600건  조회 중... 5800건  조회 중... 6000건  조회 중... 6200건  조회 중... 6400건  조회 중... 6600건  조회 중... 6800건  조회 중... 7000건  조회 중... 7200건  조회 중... 7400건  조회 중... 7600건  조회 중... 7800건  조회 중... 8000건  조회 중... 8200건  조회 중... 8400건  조회 중... 8600건  조회 중... 8800건  조회 중... 9000건  조회 중... 9200건  조회 중... 9400건  조회 중... 9600건  조회 중... 9800건  조회 중... 10000건  조회 중... 10200건  조회 중... 10400건  조회 중... 10600건  조회 중... 10800건  조회 중... 11000건  조회 중... 11200건  조회 중... 11400건  조회 중... 11600건  조회 중... 11800건  조회 중... 12000건  조회 중... 12200건  조회 중... 12400건  조회 중... 12600건  조회 중... 12800건  조회 중... 13000건  조회 중... 13200건  조회 중... 13400건  조회 중... 13600건  조회 중... 13800건  조회 중... 14000건  조회 중... 14200건  조회 중... 14400건  조회 중... 14600건  조회 중... 14800건  조회 중... 15000건  조회 중... 15200건  조회 중... 15400건  조회 중... 15600건  조회 중... 15800건  조회 중... 16000건  조회 중... 16200건  조회 중... 16400건  조회 중... 16577건
  → 16577건 조회됨
Supabase 업로드 중...
  ↑ 500/16577건 완료
  ↑ 1000/16577건 완료
  ↑ 1500/16577건 완료
  ↑ 2000/16577건 완료
  ↑ 2500/16577건 완료
  ↑ 3000/16577건 완료
  ↑ 3500/16577건 완료
  ↑ 4000/16577건 완료
❌ 오류: Supabase upsert 실패: {"code":"21000","details":null,"hint":"Ensure that no rows proposed for insertion within the same command have duplicate constrained values.","message":"ON CONFLICT DO UPDATE command cannot affect row a second time"}
📊 카카오선물하기 트래픽 9/8~9/22 (9/22 08:30 기준) · 집행 중 광고만
메타: 1,134,129원 · 6,324클릭 · CPC 179원 · CPM 4,893원
X (트위터): 299,326원 · 1,613클릭 · CPC 186원 · CPM 456원
⏸ 꺼진 광고 제외: 퀵터보(메타), 바디스팟 Knee(메타), 롤링스팟(메타), 플렌티플렛(메타), 퀵터보 2(메타), 롤링스팟(X (트위터))
표 이미지: https://lugqeflqusqsyotdiaxg.supabase.co/storage/v1/object/public/detail-assets/reports/kakao-traffic/2026-09-22.png?v=1790033414
🏆 선물하기 랭킹 (전일 대비): 히트스팟S 가전·디지털 4위 ✓ · 포핸드 가전·디지털 245위/목표30 · 듀얼포켓건 건강가전 168위/목표30 · 퀵터보 충전기 173위/목표30 ▼4 · 웨이스트레쳐 건강가전 117위/목표30 · 듀얼미스트 가습기 계절가전 10위/목표1 · 촛불후 스피커 음향가전 99위/목표30
랭킹 표: https://lugqeflqusqsyotdiaxg.supabase.co/storage/v1/object/public/detail-assets/reports/kakao-traffic/rank-2026-09-22.png?v=1790033425
📌 행동 제안
🟡 9/21 총 집행 37,983원 = 일 계획(140,000원)의 27% → 예산 소진 부진, 세트별 일예산 상향 또는 소재 추가 검토
🟡 듀얼포켓건: 9/21 집행 0원 (이전엔 집행) → 광고 꺼짐/검토 대기 확인
🟡 히트스팟S: 광고 ACTIVE인데 집행 데이터 없음 → 검토중 승인 대기 또는 예산 미배정 확인
🟡 포핸드: 광고 ACTIVE인데 집행 데이터 없음 → 검토중 승인 대기 또는 예산 미배정 확인
🟡 퀵터보: 광고 ACTIVE인데 집행 데이터 없음 → 검토중 승인 대기 또는 예산 미배정 확인
🟡 렛츠플레이핏: 광고 ACTIVE인데 집행 데이터 없음 → 검토중 승인 대기 또는 예산 미배정 확인
🟡 웨이스트레쳐: 광고 ACTIVE인데 집행 데이터 없음 → 검토중 승인 대기 또는 예산 미배정 확인
🟡 듀얼미스트 가습기: 광고 ACTIVE인데 집행 데이터 없음 → 검토중 승인 대기 또는 예산 미배정 확인
🟡 촛불후 스피커: 광고 ACTIVE인데 집행 데이터 없음 → 검토중 승인 대기 또는 예산 미배정 확인
🟢 프리온 메타: CPC 141원 목표 달성 → 일예산 +20~30% 증액 후보
→ 웍스 발송: kkeim@oa-world.com
쿠팡 파일 없음
지그재그 파일 없음
경고: 쿠팡: 파일 없음; 지그재그: 파일 없음
업서트 대상: 0행 (2026-08-18 ~ 2026-09-22)
[2026. 9. 22. AM 9:05:01] 랭킹 실판매 동기화 시작
  조회 중... 10행
  → 10행 조회
✅ 동기화 완료
[2026. 9. 22. AM 9:10:00] 전제품 검색순위 동기화 시작
  조회 중... 3343행 (D-90~)[2026. 9. 22. AM 9:15:00] 우선순위 동기화 시작
  조회 중... 6744행 (D-83~)발송 완료 (썸네일 5장):
📋 9/22(화) 아침 브리핑

🎨 소재 검토 6건 (평균 CTR 2.10%)
1. [행사X]에어리소닉_워터파크
   ㄴ 7일 46만원 · CTR 0.45%
   ㄴ 재제작: oa-dashboard2.vercel.app/?recreate=%5B%ED%96%89%EC%82%ACX%5D%EC%97%90%EC%96%B4%EB%A6%AC%EC%86%8C%EB%8B%89_%EC%9B%8C%ED%84%B0%ED%8C%8C%ED%81%AC
2. [행사X]에어리소닉_영상1
   ㄴ 7일 42만원 · CTR 0.46%
   ㄴ 재제작: oa-dashboard2.vercel.app/?recreate=%5B%ED%96%89%EC%82%ACX%5D%EC%97%90%EC%96%B4%EB%A6%AC%EC%86%8C%EB%8B%89_%EC%98%81%EC%83%811
3. [행사X]에어리소닉_영상2
   ㄴ 7일 27만원 · CTR 0.75%
   ㄴ 재제작: oa-dashboard2.vercel.app/?recreate=%5B%ED%96%89%EC%82%ACX%5D%EC%97%90%EC%96%B4%EB%A6%AC%EC%86%8C%EB%8B%89_%EC%98%81%EC%83%812
4. 소닉플로우_헬스장드라이기아직도쓰세요
   ㄴ 7일 24만원 · CTR 0.97%
   ㄴ 재제작: oa-dashboard2.vercel.app/?recreate=%EC%86%8C%EB%8B%89%ED%94%8C%EB%A1%9C%EC%9A%B0_%ED%97%AC%EC%8A%A4%EC%9E%A5%EB%93%9C%EB%9D%BC%EC%9D%B4%EA%B8%B0%EC%95%84%EC%A7%81%EB%8F%84%EC%93%B0%EC%84%B8%EC%9A%94
5. [행사X]에어리소닉_강쥐
   ㄴ 7일 18만원 · CTR 0.98%
   ㄴ 재제작: oa-dashboard2.vercel.app/?recreate=%5B%ED%96%89%EC%82%ACX%5D%EC%97%90%EC%96%B4%EB%A6%AC%EC%86%8C%EB%8B%89_%EA%B0%95%EC%A5%90

🎯 오늘의 가설 6건
1. 오아무선판고데기-포그밀크-리테일
   ㄴ 원인분석 · 담당 미지정❗
2. 오아에어리소닉드라이기-핑크
   ㄴ 원인분석 · 담당 미지정❗
3. 오아오토고데기40mm-퍼플
   ㄴ 원인분석 · 담당 미지정❗
4. 오아에어리소닉드라이기-핑크
   ㄴ 마케팅액션 · 담당 미지정❗
5. 오아이지봉고데기-화이트
   ㄴ 마케팅액션 · 담당 미지정❗
6. 오아소닉플로우-베이지
   ㄴ 마케팅액션 · 담당 미지정❗

⚠️ 확인: 메타광고 데이터 누락

👉 oa-dashboard2.vercel.app
  조회 중... 10100행 (D-76~)스마트스토어 동기화 실패: 토큰 실패: {"code":"GW.IP_NOT_ALLOWED","message":"호출이 허용되지 않은 IP입니다.","timestamp":"2026-09-22T09:25:00.604+09:00","traceId":"AaCo08Jfdp-mK8Jp-LpO9w^1789538844466^43270149"}
  조회 중... 13466행 (D-69~)  매출 조회 중... 7759행 (D-180~)조회 기간: 2026-08-23 ~ 2026-09-21
API 오류 HTTP 401 — 세션 만료 가능, gfa_login.py 재실행 필요
{"status":401,"error":"Unauthorized","code":"naver-login-failure"}
  조회 중... 16927행 (D-62~)  조회 중... 18411행 (D-55~)  조회 중... 18411행 (D-48~)  조회 중... 18411행 (D-41~)시트 마지막 날짜: 2026-09-20
메타 인사이트 조회: 2026-09-15 ~ 2026-09-21
295행 (7일: 2026-09-15 ~ 2026-09-21)
웹앱 응답: {'ok': True, 'removed': 271, 'added': 295, 'total': 21554}
완료 — 대시보드 메타 탭 새로고침하면 반영됩니다
  조회 중... 18411행 (D-34~)  조회 중... 18411행 (D-27~)  조회 중... 18411행 (D-20~)  조회 중... 18411행 (D-13~)  조회 중... 18411행 (D-6~)
  → 키워드 528개 · 18411행 (90일)
  조회 중... 0행  → payload 330KB
✅ 동기화 완료
📣 아침 광고 브리핑 (가중구매=클릭+뷰×0.3)

━━ 📈 메타 (어제)
합계 ₩680,856 · 클릭구매 9 (+뷰 38) · ROAS 2.9 · 가중CPA ₩33,375
· 부스터팀_뷰티가전_전환: ₩373,864 · 구매 9+뷰35 · ROAS 5.0
· 부스터팀_구강가전_트래픽: ₩223,353 · 구매 0+뷰2 · ROAS 0.2 ⚠️점검
· 부스터팀_뷰티가전_트래픽: ₩43,192 · 구매 0+뷰1 · ROAS 1.4
· 부스터즈팀_카카오선물하기_트래픽: ₩38,011 · 구매 0+뷰0 · ROAS 0.0 ⚠️점검
· 부스터팀_오앙이 게시물 참여 - 사본: ₩2,436 · 구매 0+뷰0 · ROAS 0.0

━━ 📣 메타 룰 판정 (7일)

✅ 모든 활성 세트가 룰 범위 안 — 조치 없음

(트래픽 목표 세트 23개는 CPA 룰 제외)

━━ 🛒 네이버 검색광고 (어제)
합계 ₩1,766,304 · 전환 471 · ROAS 15.9
· 상품형_욕실: ₩360,526 · 전환 95 · ROAS 14.9
· 상품형_이미용: ₩285,612 · 전환 98 · ROAS 21.3
· 상품형_건강: ₩239,060 · 전환 23 · ROAS 5.5
· 상품형_계절가전: ₩209,507 · 전환 43 · ROAS 14.5
· 상품형_모바일: ₩135,463 · 전환 33 · ROAS 8.1
· 상품형_인테리어: ₩104,817 · 전환 28 · ROAS 12.8

📊 GFA 데이터 실패: 네이버 세션 만료 — gfa_login.py 재실행 필요 — gfa_login.py로 세션 확인

━━ 📅 시즌
⏰ 추석 D-3 — 소재 준비: 기프트박스·장바구니 사전담기
→ 텔레그램 발송 완료
  매출 조회 중... 15702행 (D-150~)  매출 조회 중... 23473행 (D-120~)  매출 조회 중... 31300행 (D-90~)  매출 조회 중... 39145행 (D-60~)  매출 조회 중... 47135행 (D-30~)
  → 품목 386개 · 일별 47135행 (180일)
  조회 중... 200행  조회 중... 318행
  → 작년 동기 데이터 318개 품목
  네이버 광고 조회 중... 0행 (D-180~)  네이버 광고 조회 중... 0행 (D-150~)  네이버 광고 조회 중... 18413행 (D-120~)  네이버 광고 조회 중... 40256행 (D-90~)  네이버 광고 조회 중... 40256행 (D-60~)  네이버 광고 조회 중... 40256행 (D-30~)
  → 네이버 광고그룹 819개 중 490개 제품 매칭
  조회 중... 15행
  → payload 1491KB
✅ 동기화 완료
발송: 미지정 6건
daily-ad-report 실패: GFA: HTTP 401
📊 카카오선물하기 트래픽 9/8~9/22 (9/22 17:30 기준) · 집행 중 광고만
메타: 1,143,556원 · 6,410클릭 · CPC 178원 · CPM 4,893원
X (트위터): 0원 · 0클릭 · CPC - · CPM -
⏸ 꺼진 광고 제외: 퀵터보(메타), 바디스팟 Knee(메타), 롤링스팟(메타), 플렌티플렛(메타), 퀵터보 2(메타), 듀얼포켓건(X (트위터)), 롤링스팟(X (트위터))
표 이미지: https://lugqeflqusqsyotdiaxg.supabase.co/storage/v1/object/public/detail-assets/reports/kakao-traffic/2026-09-22.png?v=1790065815
🏆 선물하기 랭킹 (전일 대비): 히트스팟S 가전·디지털 7위/목표5 ▼5 · 포핸드 가전·디지털 8위 ✓ ▲228 · 듀얼포켓건 건강가전 71위/목표30 ▲80 · 퀵터보 충전기 263위/목표30 ▼20 · 웨이스트레쳐 건강가전 119위/목표30 ▼5 · 듀얼미스트 가습기 계절가전 12위/목표1 ▲9 · 촛불후 스피커 음향가전 141위/목표30 ▼43
랭킹 표: https://lugqeflqusqsyotdiaxg.supabase.co/storage/v1/object/public/detail-assets/reports/kakao-traffic/rank-2026-09-22.png?v=1790065827
📌 행동 제안
🟡 9/22 총 집행 15,763원 = 일 계획(140,000원)의 11% → 예산 소진 부진, 세트별 일예산 상향 또는 소재 추가 검토
🟡 듀얼포켓건: 9/22 집행 0원 (이전엔 집행) → 광고 꺼짐/검토 대기 확인
🟡 히트스팟S: 광고 ACTIVE인데 집행 데이터 없음 → 검토중 승인 대기 또는 예산 미배정 확인
🟡 포핸드: 광고 ACTIVE인데 집행 데이터 없음 → 검토중 승인 대기 또는 예산 미배정 확인
🟡 퀵터보: 광고 ACTIVE인데 집행 데이터 없음 → 검토중 승인 대기 또는 예산 미배정 확인
🟡 렛츠플레이핏: 광고 ACTIVE인데 집행 데이터 없음 → 검토중 승인 대기 또는 예산 미배정 확인
🟡 웨이스트레쳐: 광고 ACTIVE인데 집행 데이터 없음 → 검토중 승인 대기 또는 예산 미배정 확인
🟡 듀얼미스트 가습기: 광고 ACTIVE인데 집행 데이터 없음 → 검토중 승인 대기 또는 예산 미배정 확인
🟡 촛불후 스피커: 광고 ACTIVE인데 집행 데이터 없음 → 검토중 승인 대기 또는 예산 미배정 확인
🟢 듀얼포켓건: 건강가전 151→71위 상승 → 유입이 랭킹에 반영 중, 현 예산 유지 또는 증액
🟢 프리온 메타: CPC 95원 목표 달성 → 일예산 +20~30% 증액 후보
→ 웍스 발송: kkeim@oa-world.com
[2026. 9. 23. AM 7:00:01] 이미용 동기화 시작 (MCP 경유, 최근 30일)
MySQL(MCP) 조회 중...
  조회 중... 200건  조회 중... 400건  조회 중... 600건  조회 중... 800건  조회 중... 1000건  조회 중... 1200건  조회 중... 1400건  조회 중... 1600건  조회 중... 1800건  조회 중... 2000건  조회 중... 2200건  조회 중... 2400건  조회 중... 2600건  조회 중... 2800건  조회 중... 3000건  조회 중... 3200건  조회 중... 3400건  조회 중... 3600건  조회 중... 3800건  조회 중... 4000건  조회 중... 4200건  조회 중... 4400건  조회 중... 4600건  조회 중... 4800건  조회 중... 5000건  조회 중... 5200건  조회 중... 5400건  조회 중... 5600건  조회 중... 5800건  조회 중... 6000건  조회 중... 6200건  조회 중... 6400건  조회 중... 6600건  조회 중... 6800건  조회 중... 7000건  조회 중... 7200건  조회 중... 7400건  조회 중... 7600건  조회 중... 7800건  조회 중... 8000건  조회 중... 8200건  조회 중... 8400건  조회 중... 8600건  조회 중... 8800건  조회 중... 9000건  조회 중... 9200건  조회 중... 9400건  조회 중... 9600건  조회 중... 9800건  조회 중... 10000건  조회 중... 10200건  조회 중... 10400건  조회 중... 10600건  조회 중... 10800건  조회 중... 11000건  조회 중... 11200건  조회 중... 11400건  조회 중... 11600건  조회 중... 11800건  조회 중... 12000건  조회 중... 12200건  조회 중... 12400건  조회 중... 12600건  조회 중... 12800건  조회 중... 13000건  조회 중... 13200건  조회 중... 13400건  조회 중... 13600건  조회 중... 13800건  조회 중... 14000건  조회 중... 14200건  조회 중... 14400건  조회 중... 14600건  조회 중... 14800건  조회 중... 15000건  조회 중... 15200건  조회 중... 15400건  조회 중... 15600건  조회 중... 15800건  조회 중... 16000건  조회 중... 16200건  조회 중... 16400건  조회 중... 16599건
  → 16599건 조회됨
Supabase 업로드 중...
  ↑ 500/16599건 완료
  ↑ 1000/16599건 완료
  ↑ 1500/16599건 완료
  ↑ 2000/16599건 완료
  ↑ 2500/16599건 완료
  ↑ 3000/16599건 완료
  ↑ 3500/16599건 완료
  ↑ 4000/16599건 완료
  ↑ 4500/16599건 완료
  ↑ 5000/16599건 완료
  ↑ 5500/16599건 완료
  ↑ 6000/16599건 완료
  ↑ 6500/16599건 완료
  ↑ 7000/16599건 완료
  ↑ 7500/16599건 완료
  ↑ 8000/16599건 완료
  ↑ 8500/16599건 완료
  ↑ 9000/16599건 완료
  ↑ 9500/16599건 완료
  ↑ 10000/16599건 완료
  ↑ 10500/16599건 완료
  ↑ 11000/16599건 완료
  ↑ 11500/16599건 완료
  ↑ 12000/16599건 완료
  ↑ 12500/16599건 완료
  ↑ 13000/16599건 완료
  ↑ 13500/16599건 완료
  ↑ 14000/16599건 완료
  ↑ 14500/16599건 완료
  ↑ 15000/16599건 완료
  ↑ 15500/16599건 완료
  ↑ 16000/16599건 완료
  ↑ 16500/16599건 완료
  ↑ 16599/16599건 완료
✅ 동기화 완료!
📊 카카오선물하기 트래픽 9/8~9/23 (9/23 08:30 기준) · 집행 중 광고만
메타: 1,157,091원 · 6,546클릭 · CPC 177원 · CPM 4,885원
X (트위터): 0원 · 0클릭 · CPC - · CPM -
⏸ 꺼진 광고 제외: 퀵터보(메타), 바디스팟 Knee(메타), 롤링스팟(메타), 플렌티플렛(메타), 퀵터보 2(메타), 듀얼포켓건(X (트위터)), 롤링스팟(X (트위터))
표 이미지: https://lugqeflqusqsyotdiaxg.supabase.co/storage/v1/object/public/detail-assets/reports/kakao-traffic/2026-09-23.png?v=1790119822
🏆 선물하기 랭킹 (전일 대비): 히트스팟S 가전·디지털 17위/목표5 ▼13 · 포핸드 가전·디지털 37위/목표30 ▲208 · 듀얼포켓건 건강가전 101위/목표30 ▲67 · 퀵터보 충전기 170위/목표30 ▲3 · 웨이스트레쳐 건강가전 119위/목표30 ▼2 · 듀얼미스트 가습기 계절가전 10위/목표1 · 촛불후 스피커 음향가전 161위/목표30 ▼62
랭킹 표: https://lugqeflqusqsyotdiaxg.supabase.co/storage/v1/object/public/detail-assets/reports/kakao-traffic/rank-2026-09-23.png?v=1790119837
📌 행동 제안
🟡 9/22 총 집행 24,406원 = 일 계획(140,000원)의 17% → 예산 소진 부진, 세트별 일예산 상향 또는 소재 추가 검토
🟡 듀얼포켓건: 9/22 집행 0원 (이전엔 집행) → 광고 꺼짐/검토 대기 확인
🟡 히트스팟S: 광고 ACTIVE인데 집행 데이터 없음 → 검토중 승인 대기 또는 예산 미배정 확인
🟡 포핸드: 광고 ACTIVE인데 집행 데이터 없음 → 검토중 승인 대기 또는 예산 미배정 확인
🟡 퀵터보: 광고 ACTIVE인데 집행 데이터 없음 → 검토중 승인 대기 또는 예산 미배정 확인
🟡 렛츠플레이핏: 광고 ACTIVE인데 집행 데이터 없음 → 검토중 승인 대기 또는 예산 미배정 확인
🟡 웨이스트레쳐: 광고 ACTIVE인데 집행 데이터 없음 → 검토중 승인 대기 또는 예산 미배정 확인
🟡 듀얼미스트 가습기: 광고 ACTIVE인데 집행 데이터 없음 → 검토중 승인 대기 또는 예산 미배정 확인
🟡 촛불후 스피커: 광고 ACTIVE인데 집행 데이터 없음 → 검토중 승인 대기 또는 예산 미배정 확인
🟢 듀얼포켓건: 건강가전 168→101위 상승 → 유입이 랭킹에 반영 중, 현 예산 유지 또는 증액
🟢 프리온 메타: CPC 96원 목표 달성 → 일예산 +20~30% 증액 후보
→ 웍스 발송: kkeim@oa-world.com
쿠팡 파일 없음
지그재그 파일 없음
경고: 쿠팡: 파일 없음; 지그재그: 파일 없음
업서트 대상: 0행 (2026-08-19 ~ 2026-09-23)
[2026. 9. 23. AM 9:05:01] 랭킹 실판매 동기화 시작
  조회 중... 10행
  → 10행 조회
✅ 동기화 완료
[2026. 9. 23. AM 9:10:00] 전제품 검색순위 동기화 시작
  조회 중... 3406행 (D-90~)  조회 중... 6815행 (D-83~)[2026. 9. 23. AM 9:15:00] 우선순위 동기화 시작
  조회 중... 10094행 (D-76~)발송 완료 (썸네일 5장):
📋 9/23(수) 아침 브리핑

📉 이미용 매출 급락 — 어제 1,611만원 (7일 평균 2,949만원, -45%)

🎨 소재 검토 6건 (평균 CTR 2.08%)
1. [행사X]에어리소닉_워터파크
   ㄴ 7일 48만원 · CTR 0.44%
   ㄴ 재제작: oa-dashboard2.vercel.app/?recreate=%5B%ED%96%89%EC%82%ACX%5D%EC%97%90%EC%96%B4%EB%A6%AC%EC%86%8C%EB%8B%89_%EC%9B%8C%ED%84%B0%ED%8C%8C%ED%81%AC
2. [행사X]에어리소닉_영상1
   ㄴ 7일 40만원 · CTR 0.48%
   ㄴ 재제작: oa-dashboard2.vercel.app/?recreate=%5B%ED%96%89%EC%82%ACX%5D%EC%97%90%EC%96%B4%EB%A6%AC%EC%86%8C%EB%8B%89_%EC%98%81%EC%83%811
3. [행사X]에어리소닉_영상2
   ㄴ 7일 31만원 · CTR 0.75%
   ㄴ 재제작: oa-dashboard2.vercel.app/?recreate=%5B%ED%96%89%EC%82%ACX%5D%EC%97%90%EC%96%B4%EB%A6%AC%EC%86%8C%EB%8B%89_%EC%98%81%EC%83%812
4. 소닉플로우_헬스장드라이기아직도쓰세요
   ㄴ 7일 29만원 · CTR 0.76%
   ㄴ 재제작: oa-dashboard2.vercel.app/?recreate=%EC%86%8C%EB%8B%89%ED%94%8C%EB%A1%9C%EC%9A%B0_%ED%97%AC%EC%8A%A4%EC%9E%A5%EB%93%9C%EB%9D%BC%EC%9D%B4%EA%B8%B0%EC%95%84%EC%A7%81%EB%8F%84%EC%93%B0%EC%84%B8%EC%9A%94
5. [행사X]에어리소닉_강쥐
   ㄴ 7일 21만원 · CTR 0.89%
   ㄴ 재제작: oa-dashboard2.vercel.app/?recreate=%5B%ED%96%89%EC%82%ACX%5D%EC%97%90%EC%96%B4%EB%A6%AC%EC%86%8C%EB%8B%89_%EA%B0%95%EC%A5%90

🎯 오늘의 가설 6건
1. 오아에어리라이트-화이트-리테일
   ㄴ 원인분석 · 담당 미지정❗
2. 오아에어리소닉드라이기-핑크
   ㄴ 원인분석 · 담당 미지정❗
3. 오아심플리고데기-아이보리
   ㄴ 원인분석 · 담당 미지정❗
4. 오아소닉플로우-베이지
   ㄴ 마케팅액션 · 담당 미지정❗
5. 오아에어리소닉드라이기-베이지
   ㄴ 마케팅액션 · 담당 미지정❗
6. 오아프리온무선고데기-핑크
   ㄴ 마케팅액션 · 담당 미지정❗

⚠️ 확인: 메타광고 데이터 누락

👉 oa-dashboard2.vercel.app
  조회 중... 13542행 (D-69~)스마트스토어 동기화 실패: 토큰 실패: {"code":"GW.IP_NOT_ALLOWED","message":"호출이 허용되지 않은 IP입니다.","timestamp":"2026-09-23T09:25:00.689+09:00","traceId":"AaCo03q7fO-P8B9IrmYqCw^1789538826241^50836118"}
  조회 중... 17001행 (D-62~)  조회 중... 17993행 (D-55~)  조회 중... 17993행 (D-48~)  매출 조회 중... 7758행 (D-180~)  조회 중... 17993행 (D-41~)  조회 중... 17993행 (D-34~)  조회 중... 17993행 (D-27~)  조회 중... 17993행 (D-20~)  조회 중... 17993행 (D-13~)  조회 중... 17993행 (D-6~)
  → 키워드 528개 · 17993행 (90일)
  조회 중... 0행  → payload 323KB
✅ 동기화 완료
조회 기간: 2026-08-24 ~ 2026-09-22
  page 1/3 — 누적 100행
  page 2/3 — 누적 200행
  page 3/3 — 누적 236행
  활성 page 1/1 — 누적 65행
활성 판정 — 송출 중 63개 · 꺼짐 173개
소재 236행 · 총비용 13,851,313원 · 구매완료 417 · 전환매출 23,345,930원 · ROAS 169%
업로드 완료 — 236행, targetRoas 300% 유지
대시보드 GFA 탭 새로고침하면 반영됩니다
  매출 조회 중... 15699행 (D-150~)시트 마지막 날짜: 2026-09-21
메타 인사이트 조회: 2026-09-16 ~ 2026-09-22
256행 (7일: 2026-09-16 ~ 2026-09-22)
웹앱 응답: {'ok': True, 'removed': 235, 'added': 256, 'total': 21575}
완료 — 대시보드 메타 탭 새로고침하면 반영됩니다
📣 아침 광고 브리핑 (가중구매=클릭+뷰×0.3)

━━ 📈 메타 (어제)
합계 ₩715,161 · 클릭구매 5 (+뷰 48) · ROAS 2.7 · 가중CPA ₩36,864
· 부스터팀_뷰티가전_전환: ₩335,837 · 구매 4+뷰48 · ROAS 5.7
· 부스터팀_구강가전_트래픽: ₩302,473 · 구매 1+뷰0 · ROAS 0.1 ⚠️점검
· 부스터팀_뷰티가전_트래픽: ₩52,445 · 구매 0+뷰0 · ROAS 0.0 ⚠️점검
· 부스터즈팀_카카오선물하기_트래픽: ₩24,406 · 구매 0+뷰0 · ROAS 0.0

━━ 📣 메타 룰 판정 (7일)

✅ 모든 활성 세트가 룰 범위 안 — 조치 없음

(트래픽 목표 세트 24개는 CPA 룰 제외)

━━ 🛒 네이버 검색광고 (어제)
합계 ₩1,563,954 · 전환 402 · ROAS 15.4
· 상품형_욕실: ₩393,401 · 전환 99 · ROAS 11.7
· 상품형_이미용: ₩268,000 · 전환 72 · ROAS 19.5
· 상품형_계절가전: ₩204,505 · 전환 52 · ROAS 14.2
· 상품형_건강: ₩143,930 · 전환 14 · ROAS 6.4
· 상품형_인테리어: ₩107,699 · 전환 30 · ROAS 16.6
· 파워링크_건강: ₩99,602 · 전환 5 · ROAS 3.0

━━ 📊 GFA (어제)
합계 ₩501,173 · 구매 12 · ROAS 1.8
· 드라이기_전환: ₩207,842 · ROAS 2.0
· 플렌티플렛4L 맞춤타겟: ₩100,978 · ROAS 0.0 ⚠️점검
· 드라이기_맞춤타겟: ₩98,468 · ROAS 4.0
· 플렌티플렛4L: ₩93,885 · ROAS 0.0 ⚠️점검
· 구강가전_맞춤타겟: ₩0 · ROAS 0.0
→ 텔레그램 발송 완료
  매출 조회 중... 23480행 (D-120~)  매출 조회 중... 31307행 (D-90~)  매출 조회 중... 39134행 (D-60~)  매출 조회 중... 47144행 (D-30~)
  → 품목 388개 · 일별 47144행 (180일)
  조회 중... 200행  조회 중... 318행
  → 작년 동기 데이터 318개 품목
  네이버 광고 조회 중... 0행 (D-180~)  네이버 광고 조회 중... 0행 (D-150~)  네이버 광고 조회 중... 19195행 (D-120~)  네이버 광고 조회 중... 40256행 (D-90~)  네이버 광고 조회 중... 40256행 (D-60~)  네이버 광고 조회 중... 40256행 (D-30~)
  → 네이버 광고그룹 819개 중 491개 제품 매칭
  조회 중... 15행
  → payload 1493KB
✅ 동기화 완료
발송 완료 (썸네일 0장):
📋 9/29(화) 아침 브리핑

🎯 오늘의 가설 6건
1. 오아에어리소닉드라이기-베이지
   ㄴ 원인분석 · 담당 미지정❗
2. 오아에어리라이트-화이트-리테일
   ㄴ 원인분석 · 담당 미지정❗
3. 오아무선판고데기-포그밀크-리테일
   ㄴ 원인분석 · 담당 미지정❗
4. 오아에어리소닉드라이기-베이지
   ㄴ 마케팅액션 · 담당 미지정❗
5. 오아소닉플로우-베이지
   ㄴ 마케팅액션 · 담당 미지정❗
6. 오아오토고데기40mm-퍼플
   ㄴ 마케팅액션 · 담당 미지정❗

⚠️ 확인: 이미용 매출데이터 누락 · 메타광고 데이터 누락

👉 oa-dashboard2.vercel.app
스마트스토어 동기화 실패: 토큰 실패: {"code":"GW.IP_NOT_ALLOWED","message":"호출이 허용되지 않은 IP입니다.","timestamp":"2026-09-29T09:25:01.039+09:00","traceId":"AaCo03q7fO-P8B9IrmYqCw^1789538826241^91514966"}
조회 기간: 2026-08-30 ~ 2026-09-28
  page 1/2 — 누적 100행
  page 2/2 — 누적 139행
  활성 page 1/1 — 누적 62행
활성 판정 — 송출 중 61개 · 꺼짐 78개
소재 139행 · 총비용 13,994,072원 · 구매완료 413 · 전환매출 23,579,870원 · ROAS 168%
업로드 완료 — 139행, targetRoas 300% 유지
대시보드 GFA 탭 새로고침하면 반영됩니다
시트 마지막 날짜: 2026-09-22
메타 인사이트 조회: 2026-09-22 ~ 2026-09-28
145행 (7일: 2026-09-22 ~ 2026-09-28)
웹앱 응답: {'ok': True, 'removed': 21, 'added': 145, 'total': 21699}
완료 — 대시보드 메타 탭 새로고침하면 반영됩니다
📣 아침 광고 브리핑 (가중구매=클릭+뷰×0.3)

━━ 📈 메타 (어제)
합계 ₩605,075 · 클릭구매 4 (+뷰 64) · ROAS 5.0 · 가중CPA ₩26,081
· 부스터팀_뷰티가전_전환: ₩391,575 · 구매 4+뷰64 · ROAS 7.7
· 부스터팀_구강가전_트래픽: ₩102,068 · 구매 0+뷰0 · ROAS 0.0 ⚠️점검
· 부스터팀_뷰티가전_트래픽: ₩46,252 · 구매 0+뷰0 · ROAS 0.0 ⚠️점검
· 부스터즈팀_크리에이터_트래픽: ₩45,982 · 구매 0+뷰0 · ROAS 0.0 ⚠️점검
· 부스터즈팀_카카오선물하기_트래픽: ₩19,198 · 구매 0+뷰0 · ROAS 0.0

━━ 📣 메타 룰 판정 (7일)

👀 관찰 2건
· [부스터팀_뷰티가전_전환] [전환]260622_에어리소닉 재활용예정
  7일 CPA ₩21,586 — 소재 교체 검토
· [부스터팀_뷰티가전_전환] [전환]260311_소닉플로우_광고소재변경해야함
  7일 CPA ₩25,794 — 소재 교체 검토

(트래픽 목표 세트 24개는 CPA 룰 제외)

━━ 🛒 네이버 검색광고 (어제)
합계 ₩2,351,180 · 전환 621 · ROAS 16.1
· 상품형_욕실: ₩586,903 · 전환 180 · ROAS 15.5
· 상품형_이미용: ₩414,580 · 전환 107 · ROAS 16.5
· 상품형_계절가전: ₩245,568 · 전환 50 · ROAS 15.5
· 상품형_인테리어: ₩226,650 · 전환 35 · ROAS 9.9
· 상품형_건강: ₩223,569 · 전환 36 · ROAS 8.7
· 파워링크_건강: ₩102,061 · 전환 8 · ROAS 3.7

━━ 📊 GFA (어제)
합계 ₩494,057 · 구매 16 · ROAS 1.8
· 드라이기_전환: ₩198,934 · ROAS 2.1
· 플렌티플렛4L: ₩100,049 · ROAS 0.0 ⚠️점검
· 플렌티플렛4L 맞춤타겟: ₩97,984 · ROAS 1.8
· 드라이기_맞춤타겟: ₩97,090 · ROAS 2.9
· 클린이스윙P_추석 티저: ₩0 · ROAS 0.0

━━ 📅 시즌
⏰ 10월 연휴 D-3 — 소재 준비: 휴대 소구
→ 텔레그램 발송 완료
